order_item_id,order_id,product_id,quantity,unit_price,total_price
OI000001,O001799,P00017,4,459.82,1839.28
OI000002,O001428,P00075,2,438.56,877.12
OI000003,O000464,P00008,5,324.78,1623.9
OI000004,O001607,P00081,1,455.02,455.02
OI000005,O000951,P00093,1,81.48,81.48
OI000006,O000570,P00100,4,137.51,550.04
OI000007,O000525,P00059,2,465.29,930.58
OI000008,O001744,P00067,3,70.71,212.13
OI000009,O000228,P00021,3,182.45,547.35
OI000010,O001436,P00068,2,343.8,687.6
OI000011,O001289,P00010,1,328.99,328.99
OI000012,O001405,P00066,4,254.34,1017.36
OI000013,O001041,P00012,5,402.86,2014.3
OI000014,O000397,P00037,3,30.19,90.57
OI000015,O000568,P00087,2,14.04,28.08
OI000016,O001513,P00068,2,257.94,515.88
OI000017,O001282,P00042,3,235.02,705.06
OI000018,O000942,P00027,3,302.91,908.73
OI000019,O000521,P00040,5,228.33,1141.65
OI000020,O000889,P00004,2,474.31,948.62
OI000021,O000166,P00100,4,358.53,1434.12
OI000022,O001999,P00045,2,446.92,893.84
OI000023,O001094,P00022,4,416.68,1666.72
OI000024,O001536,P00010,1,247.26,247.26
OI000025,O001860,P00079,2,451.8,903.6
OI000026,O001188,P00050,1,210.08,210.08
OI000027,O001563,P00097,5,93.5,467.5
OI000028,O000706,P00091,4,278.85,1115.4
OI000029,O001629,P00034,5,54.04,270.2
OI000030,O001064,P00012,1,332.81,332.81
OI000031,O001014,P00012,4,363.57,1454.28
OI000032,O001429,P00021,5,129.46,647.3
OI000033,O000407,P00022,2,390.95,781.9
OI000034,O000570,P00082,2,393.21,786.42
OI000035,O000620,P00067,5,108.9,544.5
OI000036,O001911,P00016,3,499.09,1497.27
OI000037,O000358,P00005,1,290.66,290.66
OI000038,O001278,P00053,5,168.73,843.65
OI000039,O000631,P00094,3,309.29,927.87
OI000040,O001176,P00048,5,147.42,737.1
OI000041,O000516,P00034,3,483.74,1451.22
OI000042,O001446,P00027,5,358.23,1791.15
OI000043,O001554,P00065,4,392.42,1569.68
OI000044,O001269,P00009,2,141.6,283.2
OI000045,O001804,P00010,4,40.25,161.0
OI000046,O000384,P00092,5,140.91,704.55
OI000047,O000264,P00026,2,342.8,685.6
OI000048,O001185,P00099,3,61.04,183.12
OI000049,O001488,P00053,1,465.38,465.38
OI000050,O000656,P00047,2,133.48,266.96
OI000051,O001430,P00092,4,16.71,66.84
OI000052,O000444,P00085,2,167.08,334.16
OI000053,O000484,P00005,4,496.13,1984.52
OI000054,O000076,P00056,3,355.72,1067.16
OI000055,O001089,P00083,5,129.73,648.65
OI000056,O000125,P00026,3,258.4,775.2
OI000057,O001883,P00023,2,380.91,761.82
OI000058,O000565,P00093,4,277.16,1108.64
OI000059,O001273,P00054,3,72.4,217.2
OI000060,O000405,P00022,2,396.48,792.96
OI000061,O000742,P00007,3,347.64,1042.92
OI000062,O001193,P00024,5,183.52,917.6
OI000063,O000094,P00082,4,243.57,974.28
OI000064,O000461,P00099,4,173.57,694.28
OI000065,O001595,P00035,2,457.89,915.78
OI000066,O000637,P00036,5,103.28,516.4
OI000067,O001975,P00014,3,374.45,1123.35
OI000068,O000396,P00038,3,464.55,1393.65
OI000069,O001827,P00095,4,238.5,954.0
OI000070,O000985,P00012,3,89.41,268.23
OI000071,O000620,P00065,3,291.43,874.29
OI000072,O001174,P00015,2,140.63,281.26
OI000073,O000023,P00050,2,407.88,815.76
OI000074,O000353,P00031,4,300.01,1200.04
OI000075,O001527,P00030,1,426.19,426.19
OI000076,O001060,P00056,2,194.6,389.2
OI000077,O000542,P00096,4,450.16,1800.64
OI000078,O001044,P00047,3,117.41,352.23
OI000079,O000604,P00053,1,56.53,56.53
OI000080,O001893,P00074,4,495.69,1982.76
OI000081,O001310,P00072,1,143.08,143.08
OI000082,O000046,P00062,3,430.18,1290.54
OI000083,O001692,P00100,1,18.4,18.4
OI000084,O001034,P00051,1,112.59,112.59
OI000085,O001685,P00012,3,492.49,1477.47
OI000086,O001599,P00007,4,43.31,173.24
OI000087,O001574,P00081,1,437.58,437.58
OI000088,O000927,P00058,1,166.2,166.2
OI000089,O000725,P00061,3,227.27,681.81
OI000090,O001722,P00061,3,494.76,1484.28
OI000091,O001434,P00091,2,186.5,373.0
OI000092,O001580,P00051,1,218.31,218.31
OI000093,O001729,P00080,4,409.37,1637.48
OI000094,O001850,P00079,3,55.17,165.51
OI000095,O001876,P00001,1,456.28,456.28
OI000096,O001809,P00073,3,38.2,114.6
OI000097,O000254,P00033,5,255.43,1277.15
OI000098,O001007,P00046,2,272.55,545.1
OI000099,O000394,P00066,1,181.71,181.71
OI000100,O001877,P00065,4,189.03,756.12
OI000101,O000582,P00065,5,98.35,491.75
OI000102,O000083,P00031,2,250.67,501.34
OI000103,O001771,P00053,1,134.97,134.97
OI000104,O001499,P00024,1,343.23,343.23
OI000105,O001710,P00059,1,385.23,385.23
OI000106,O000273,P00031,3,256.89,770.67
OI000107,O000788,P00062,2,426.16,852.32
OI000108,O001774,P00009,1,496.46,496.46
OI000109,O000873,P00049,1,247.29,247.29
OI000110,O000147,P00094,5,319.84,1599.2
OI000111,O001009,P00043,5,426.68,2133.4
OI000112,O001002,P00100,3,492.66,1477.98
OI000113,O000342,P00027,1,149.09,149.09
OI000114,O001577,P00067,5,361.43,1807.15
OI000115,O001177,P00063,3,233.66,700.98
OI000116,O001293,P00001,3,468.23,1404.69
OI000117,O000934,P00068,2,36.13,72.26
OI000118,O001447,P00039,2,114.11,228.22
OI000119,O001682,P00092,2,460.36,920.72
OI000120,O001437,P00073,2,492.62,985.24
OI000121,O000529,P00057,1,375.62,375.62
OI000122,O000234,P00050,3,263.1,789.3
OI000123,O000396,P00046,1,235.76,235.76
OI000124,O001838,P00024,2,19.47,38.94
OI000125,O001120,P00017,2,276.46,552.92
OI000126,O000677,P00082,5,230.31,1151.55
OI000127,O001175,P00072,1,234.05,234.05
OI000128,O001528,P00040,4,498.41,1993.64
OI000129,O001456,P00092,3,484.23,1452.69
OI000130,O000779,P00092,1,292.15,292.15
OI000131,O001061,P00028,1,304.13,304.13
OI000132,O001520,P00089,1,489.87,489.87
OI000133,O001890,P00088,3,279.97,839.91
OI000134,O001493,P00047,2,239.92,479.84
OI000135,O001133,P00016,2,402.11,804.22
OI000136,O001913,P00004,2,343.14,686.28
OI000137,O001294,P00100,2,189.94,379.88
OI000138,O001512,P00026,2,31.1,62.2
OI000139,O000699,P00011,3,263.06,789.18
OI000140,O001324,P00094,4,213.61,854.44
OI000141,O001762,P00075,3,136.54,409.62
OI000142,O001053,P00036,3,122.12,366.36
OI000143,O001141,P00031,2,171.01,342.02
OI000144,O001654,P00011,1,188.01,188.01
OI000145,O001688,P00031,3,325.35,976.05
OI000146,O001314,P00063,4,116.32,465.28
OI000147,O000384,P00100,4,288.13,1152.52
OI000148,O001495,P00049,5,229.09,1145.45
OI000149,O001816,P00027,5,224.06,1120.3
OI000150,O001249,P00014,3,408.45,1225.35
OI000151,O000329,P00003,3,400.71,1202.13
OI000152,O000791,P00049,4,268.51,1074.04
OI000153,O001510,P00015,3,21.62,64.86
OI000154,O001500,P00004,5,415.56,2077.8
OI000155,O000046,P00054,4,176.58,706.32
OI000156,O001864,P00055,3,307.67,923.01
OI000157,O001414,P00034,4,169.03,676.12
OI000158,O000448,P00045,5,369.97,1849.85
OI000159,O000720,P00083,1,145.99,145.99
OI000160,O001995,P00016,3,217.35,652.05
OI000161,O001695,P00092,4,203.26,813.04
OI000162,O000974,P00002,2,498.44,996.88
OI000163,O000468,P00044,5,470.44,2352.2
OI000164,O000711,P00044,3,89.19,267.57
OI000165,O000296,P00072,2,220.01,440.02
OI000166,O000047,P00061,4,407.14,1628.56
OI000167,O001345,P00063,2,235.28,470.56
OI000168,O001525,P00013,1,359.72,359.72
OI000169,O000692,P00012,5,488.03,2440.15
OI000170,O001955,P00081,4,14.52,58.08
OI000171,O000244,P00068,4,441.47,1765.88
OI000172,O000771,P00088,2,266.96,533.92
OI000173,O001662,P00008,1,282.8,282.8
OI000174,O001301,P00083,1,191.46,191.46
OI000175,O001724,P00064,5,200.89,1004.45
OI000176,O000712,P00071,1,461.81,461.81
OI000177,O001495,P00064,3,216.08,648.24
OI000178,O000993,P00074,1,285.8,285.8
OI000179,O000116,P00020,2,37.62,75.24
OI000180,O001315,P00077,1,487.33,487.33
OI000181,O000020,P00096,3,136.21,408.63
OI000182,O000995,P00020,3,306.87,920.61
OI000183,O000050,P00009,4,191.86,767.44
OI000184,O001238,P00076,3,271.9,815.7
OI000185,O000294,P00100,5,234.78,1173.9
OI000186,O000641,P00059,3,352.4,1057.2
OI000187,O001600,P00096,4,208.67,834.68
OI000188,O001050,P00076,2,495.42,990.84
OI000189,O001707,P00055,2,459.72,919.44
OI000190,O000236,P00094,5,212.96,1064.8
OI000191,O000356,P00073,4,360.73,1442.92
OI000192,O000260,P00087,3,303.5,910.5
OI000193,O000509,P00076,1,351.57,351.57
OI000194,O001385,P00029,5,99.09,495.45
OI000195,O001212,P00075,5,247.53,1237.65
OI000196,O001329,P00081,4,462.24,1848.96
OI000197,O000241,P00094,2,27.42,54.84
OI000198,O000222,P00095,4,245.97,983.88
OI000199,O000346,P00070,2,117.0,234.0
OI000200,O001126,P00028,5,94.81,474.05
OI000201,O001568,P00071,2,276.48,552.96
OI000202,O001522,P00031,2,406.72,813.44
OI000203,O000168,P00006,3,54.02,162.06
OI000204,O000405,P00087,1,99.52,99.52
OI000205,O001655,P00006,4,314.51,1258.04
OI000206,O001424,P00013,5,414.2,2071.0
OI000207,O001352,P00062,1,209.85,209.85
OI000208,O000363,P00078,2,217.62,435.24
OI000209,O000454,P00075,3,401.71,1205.13
OI000210,O001196,P00010,1,280.64,280.64
OI000211,O001304,P00047,3,178.47,535.41
OI000212,O001940,P00059,3,353.0,1059.0
OI000213,O000078,P00081,5,59.4,297.0
OI000214,O000133,P00053,5,203.62,1018.1
OI000215,O000608,P00066,2,175.61,351.22
OI000216,O000586,P00100,2,184.94,369.88
OI000217,O000480,P00083,3,89.42,268.26
OI000218,O000576,P00081,1,326.07,326.07
OI000219,O000334,P00058,4,90.66,362.64
OI000220,O001823,P00064,2,410.03,820.06
OI000221,O001221,P00027,3,405.08,1215.24
OI000222,O001151,P00087,1,172.59,172.59
OI000223,O000284,P00060,1,40.45,40.45
OI000224,O001109,P00083,1,217.87,217.87
OI000225,O000795,P00050,2,81.07,162.14
OI000226,O000498,P00052,3,47.63,142.89
OI000227,O001296,P00004,5,348.12,1740.6
OI000228,O001776,P00011,2,478.36,956.72
OI000229,O001906,P00073,3,471.66,1414.98
OI000230,O000981,P00096,1,417.95,417.95
OI000231,O001286,P00091,2,88.47,176.94
OI000232,O000371,P00015,3,56.52,169.56
OI000233,O000316,P00091,4,409.52,1638.08
OI000234,O001684,P00098,5,487.35,2436.75
OI000235,O001037,P00077,1,166.36,166.36
OI000236,O000064,P00095,4,433.24,1732.96
OI000237,O000070,P00046,4,184.35,737.4
OI000238,O001634,P00032,4,83.97,335.88
OI000239,O001665,P00091,1,493.94,493.94
OI000240,O000079,P00083,1,129.98,129.98
OI000241,O001350,P00003,5,30.75,153.75
OI000242,O000528,P00044,5,105.76,528.8
OI000243,O001047,P00071,3,381.27,1143.81
OI000244,O001052,P00009,4,246.69,986.76
OI000245,O001192,P00049,5,334.49,1672.45
OI000246,O000945,P00004,4,221.32,885.28
OI000247,O000268,P00021,2,257.78,515.56
OI000248,O000679,P00051,1,44.07,44.07
OI000249,O001242,P00035,2,286.94,573.88
OI000250,O001161,P00048,4,389.48,1557.92
OI000251,O001140,P00077,3,17.21,51.63
OI000252,O000378,P00039,1,314.22,314.22
OI000253,O000039,P00020,2,435.14,870.28
OI000254,O000971,P00042,1,306.88,306.88
OI000255,O000533,P00002,3,72.94,218.82
OI000256,O001623,P00045,3,227.46,682.38
OI000257,O000548,P00036,4,122.73,490.92
OI000258,O000812,P00049,3,375.9,1127.7
OI000259,O001024,P00094,4,43.4,173.6
OI000260,O000907,P00032,5,220.23,1101.15
OI000261,O001256,P00073,5,55.42,277.1
OI000262,O001257,P00084,4,169.63,678.52
OI000263,O001117,P00006,5,257.21,1286.05
OI000264,O000413,P00091,1,238.24,238.24
OI000265,O001889,P00098,4,360.22,1440.88
OI000266,O001236,P00089,3,400.84,1202.52
OI000267,O001431,P00082,2,326.84,653.68
OI000268,O000327,P00084,2,33.91,67.82
OI000269,O000965,P00051,5,27.02,135.1
OI000270,O000586,P00061,1,418.66,418.66
OI000271,O001529,P00042,5,426.16,2130.8
OI000272,O001901,P00066,4,449.25,1797.0
OI000273,O001614,P00076,4,487.86,1951.44
OI000274,O001103,P00028,5,409.54,2047.7
OI000275,O000718,P00062,3,217.36,652.08
OI000276,O001932,P00096,2,114.33,228.66
OI000277,O000284,P00075,5,66.11,330.55
OI000278,O000436,P00008,5,156.46,782.3
OI000279,O001379,P00040,1,411.36,411.36
OI000280,O001457,P00055,4,228.66,914.64
OI000281,O000564,P00075,5,377.67,1888.35
OI000282,O001703,P00064,3,136.23,408.69
OI000283,O001428,P00021,2,13.83,27.66
OI000284,O000999,P00003,3,94.58,283.74
OI000285,O001998,P00041,4,473.03,1892.12
OI000286,O000570,P00017,1,159.26,159.26
OI000287,O001483,P00056,2,240.16,480.32
OI000288,O001335,P00009,2,282.83,565.66
OI000289,O000085,P00029,4,465.97,1863.88
OI000290,O000108,P00055,4,243.21,972.84
OI000291,O001096,P00020,1,366.3,366.3
OI000292,O001435,P00030,3,416.43,1249.29
OI000293,O000986,P00027,4,491.79,1967.16
OI000294,O000575,P00034,4,439.18,1756.72
OI000295,O001183,P00002,5,420.82,2104.1
OI000296,O001284,P00092,3,129.31,387.93
OI000297,O000369,P00051,3,12.46,37.38
OI000298,O000225,P00050,2,82.12,164.24
OI000299,O001494,P00095,2,179.53,359.06
OI000300,O000420,P00099,5,128.49,642.45
OI000301,O000951,P00096,3,49.59,148.77
OI000302,O001167,P00034,2,15.67,31.34
OI000303,O001850,P00059,1,225.5,225.5
OI000304,O000778,P00046,1,308.4,308.4
OI000305,O000812,P00077,5,362.55,1812.75
OI000306,O000024,P00079,4,387.26,1549.04
OI000307,O001565,P00047,2,14.83,29.66
OI000308,O000744,P00092,4,163.61,654.44
OI000309,O000808,P00033,3,381.66,1144.98
OI000310,O001940,P00039,3,445.04,1335.12
OI000311,O001926,P00098,3,179.21,537.63
OI000312,O001469,P00032,4,14.28,57.12
OI000313,O000684,P00100,4,122.69,490.76
OI000314,O001762,P00024,3,166.82,500.46
OI000315,O000215,P00022,5,13.03,65.15
OI000316,O001380,P00095,5,412.21,2061.05
OI000317,O001951,P00054,4,448.28,1793.12
OI000318,O000708,P00069,5,42.33,211.65
OI000319,O001638,P00091,4,404.74,1618.96
OI000320,O001166,P00050,1,327.83,327.83
OI000321,O001803,P00034,3,118.26,354.78
OI000322,O000739,P00055,3,224.93,674.79
OI000323,O000651,P00023,3,248.7,746.1
OI000324,O000250,P00030,4,241.08,964.32
OI000325,O001491,P00027,2,473.57,947.14
OI000326,O000057,P00056,5,88.78,443.9
OI000327,O000538,P00092,1,416.01,416.01
OI000328,O001468,P00046,3,288.92,866.76
OI000329,O000626,P00045,5,493.28,2466.4
OI000330,O001996,P00092,3,315.09,945.27
OI000331,O001668,P00060,4,434.85,1739.4
OI000332,O001868,P00026,5,154.55,772.75
OI000333,O001081,P00065,5,432.49,2162.45
OI000334,O001551,P00037,2,249.01,498.02
OI000335,O000523,P00012,4,153.75,615.0
OI000336,O001466,P00007,5,11.09,55.45
OI000337,O000023,P00084,1,21.4,21.4
OI000338,O000187,P00068,1,262.7,262.7
OI000339,O000286,P00094,4,396.92,1587.68
OI000340,O000545,P00003,4,188.42,753.68
OI000341,O000307,P00016,1,171.24,171.24
OI000342,O000797,P00002,5,28.51,142.55
OI000343,O001347,P00010,3,143.47,430.41
OI000344,O000232,P00017,3,179.49,538.47
OI000345,O001247,P00084,2,266.31,532.62
OI000346,O001449,P00058,5,77.38,386.9
OI000347,O000376,P00052,1,347.95,347.95
OI000348,O001748,P00049,2,210.44,420.88
OI000349,O001794,P00021,4,172.84,691.36
OI000350,O001441,P00044,1,45.31,45.31
OI000351,O001662,P00019,4,238.42,953.68
OI000352,O000635,P00091,1,34.67,34.67
OI000353,O001453,P00075,3,288.18,864.54
OI000354,O000474,P00015,2,410.24,820.48
OI000355,O000032,P00055,2,91.14,182.28
OI000356,O001408,P00045,1,138.09,138.09
OI000357,O000318,P00014,5,480.94,2404.7
OI000358,O000869,P00043,5,236.48,1182.4
OI000359,O000200,P00097,3,132.18,396.54
OI000360,O000628,P00019,2,290.61,581.22
OI000361,O000839,P00030,1,273.38,273.38
OI000362,O001880,P00050,5,430.67,2153.35
OI000363,O001013,P00083,2,162.18,324.36
OI000364,O001246,P00067,5,422.4,2112.0
OI000365,O000618,P00056,3,248.84,746.52
OI000366,O001972,P00044,4,477.8,1911.2
OI000367,O000277,P00013,4,356.28,1425.12
OI000368,O000962,P00062,3,141.83,425.49
OI000369,O001744,P00004,3,314.23,942.69
OI000370,O000047,P00033,2,210.68,421.36
OI000371,O001806,P00057,5,279.73,1398.65
OI000372,O001642,P00023,2,196.52,393.04
OI000373,O001745,P00034,1,232.24,232.24
OI000374,O001096,P00071,5,385.03,1925.15
OI000375,O001811,P00042,1,482.87,482.87
OI000376,O001163,P00025,1,156.18,156.18
OI000377,O001069,P00042,4,172.96,691.84
OI000378,O000155,P00016,5,64.71,323.55
OI000379,O001193,P00048,5,453.49,2267.45
OI000380,O000863,P00078,5,180.22,901.1
OI000381,O000329,P00059,3,371.08,1113.24
OI000382,O000811,P00062,5,215.37,1076.85
OI000383,O001241,P00029,2,127.44,254.88
OI000384,O001111,P00022,2,359.32,718.64
OI000385,O001399,P00091,2,399.55,799.1
OI000386,O001973,P00080,4,433.24,1732.96
OI000387,O000092,P00080,3,156.16,468.48
OI000388,O000614,P00027,1,264.37,264.37
OI000389,O000908,P00077,2,302.72,605.44
OI000390,O001013,P00032,1,187.97,187.97
OI000391,O001411,P00093,3,127.93,383.79
OI000392,O001620,P00053,4,489.74,1958.96
OI000393,O001687,P00070,5,139.78,698.9
OI000394,O001428,P00060,4,472.32,1889.28
OI000395,O001971,P00021,4,164.69,658.76
OI000396,O001901,P00067,3,416.6,1249.8
OI000397,O001181,P00074,3,330.64,991.92
OI000398,O001057,P00067,4,237.4,949.6
OI000399,O000448,P00090,1,16.24,16.24
OI000400,O000812,P00002,4,475.24,1900.96
OI000401,O000635,P00036,3,247.66,742.98
OI000402,O001357,P00037,4,266.5,1066.0
OI000403,O000896,P00093,4,104.54,418.16
OI000404,O000249,P00056,2,100.28,200.56
OI000405,O000340,P00024,2,460.28,920.56
OI000406,O000230,P00082,4,145.99,583.96
OI000407,O001625,P00027,2,29.33,58.66
OI000408,O000962,P00051,5,468.13,2340.65
OI000409,O001803,P00011,2,87.62,175.24
OI000410,O001183,P00091,1,95.17,95.17
OI000411,O000492,P00072,4,409.8,1639.2
OI000412,O000030,P00001,3,474.25,1422.75
OI000413,O001518,P00046,3,437.21,1311.63
OI000414,O001611,P00091,5,269.19,1345.95
OI000415,O000372,P00070,5,118.08,590.4
OI000416,O001422,P00056,1,81.72,81.72
OI000417,O000322,P00033,5,489.77,2448.85
OI000418,O000605,P00096,3,82.08,246.24
OI000419,O001441,P00031,1,311.78,311.78
OI000420,O000446,P00045,1,306.86,306.86
OI000421,O001571,P00016,3,432.21,1296.63
OI000422,O001277,P00065,3,467.38,1402.14
OI000423,O000959,P00008,3,179.96,539.88
OI000424,O000972,P00062,2,236.65,473.3
OI000425,O001168,P00022,4,308.79,1235.16
OI000426,O001798,P00050,5,210.56,1052.8
OI000427,O000027,P00005,1,48.75,48.75
OI000428,O000304,P00084,3,239.27,717.81
OI000429,O001556,P00066,4,123.16,492.64
OI000430,O001049,P00053,4,494.45,1977.8
OI000431,O000048,P00066,1,375.64,375.64
OI000432,O000342,P00021,4,72.18,288.72
OI000433,O000375,P00027,3,231.18,693.54
OI000434,O000773,P00042,2,315.59,631.18
OI000435,O000778,P00072,2,291.83,583.66
OI000436,O001854,P00091,3,216.63,649.89
OI000437,O001841,P00009,3,84.56,253.68
OI000438,O001403,P00023,4,162.14,648.56
OI000439,O000735,P00052,3,363.12,1089.36
OI000440,O000498,P00046,2,391.0,782.0
OI000441,O000091,P00026,4,139.62,558.48
OI000442,O000849,P00039,4,323.76,1295.04
OI000443,O000786,P00064,1,260.47,260.47
OI000444,O000728,P00036,5,254.75,1273.75
OI000445,O000582,P00075,2,57.59,115.18
OI000446,O000039,P00074,2,149.54,299.08
OI000447,O000474,P00048,1,191.19,191.19
OI000448,O001801,P00095,3,134.93,404.79
OI000449,O000693,P00041,5,200.55,1002.75
OI000450,O001301,P00018,1,161.56,161.56
OI000451,O001498,P00030,2,89.12,178.24
OI000452,O001882,P00075,1,86.06,86.06
OI000453,O000332,P00041,3,445.49,1336.47
OI000454,O000666,P00083,4,98.93,395.72
OI000455,O001393,P00079,1,409.54,409.54
OI000456,O000142,P00071,3,13.03,39.09
OI000457,O000630,P00014,1,63.28,63.28
OI000458,O001939,P00066,2,261.78,523.56
OI000459,O001859,P00014,3,383.68,1151.04
OI000460,O000603,P00013,2,180.16,360.32
OI000461,O001140,P00100,3,29.93,89.79
OI000462,O000619,P00005,4,250.79,1003.16
OI000463,O000831,P00037,4,270.07,1080.28
OI000464,O000117,P00075,1,146.37,146.37
OI000465,O001474,P00026,5,459.11,2295.55
OI000466,O000032,P00078,1,25.44,25.44
OI000467,O000700,P00049,4,144.4,577.6
OI000468,O001175,P00027,5,264.91,1324.55
OI000469,O001801,P00062,4,475.06,1900.24
OI000470,O000082,P00003,2,107.2,214.4
OI000471,O000278,P00043,4,94.18,376.72
OI000472,O001285,P00096,3,48.27,144.81
OI000473,O001468,P00097,1,338.83,338.83
OI000474,O001037,P00083,4,335.9,1343.6
OI000475,O000404,P00067,4,497.44,1989.76
OI000476,O000194,P00075,4,432.01,1728.04
OI000477,O000413,P00013,4,139.69,558.76
OI000478,O001189,P00081,2,466.29,932.58
OI000479,O000331,P00007,1,331.28,331.28
OI000480,O001906,P00072,4,267.38,1069.52
OI000481,O000502,P00081,2,267.85,535.7
OI000482,O001395,P00052,1,180.79,180.79
OI000483,O001308,P00077,1,99.79,99.79
OI000484,O000120,P00022,2,328.73,657.46
OI000485,O001585,P00013,2,488.5,977.0
OI000486,O001782,P00061,4,396.93,1587.72
OI000487,O001530,P00019,3,235.68,707.04
OI000488,O001519,P00027,4,425.74,1702.96
OI000489,O000344,P00080,3,52.28,156.84
OI000490,O001794,P00078,2,110.77,221.54
OI000491,O000355,P00035,1,493.34,493.34
OI000492,O001609,P00023,2,107.52,215.04
OI000493,O001769,P00022,4,406.81,1627.24
OI000494,O001829,P00094,2,347.73,695.46
OI000495,O001629,P00082,5,128.32,641.6
OI000496,O000790,P00005,1,97.7,97.7
OI000497,O001942,P00062,2,252.37,504.74
OI000498,O001467,P00066,4,63.23,252.92
OI000499,O000579,P00040,5,497.14,2485.7
OI000500,O000003,P00001,5,466.08,2330.4
OI000501,O000783,P00008,3,85.03,255.09
OI000502,O001330,P00059,3,49.61,148.83
OI000503,O001836,P00063,4,308.33,1233.32
OI000504,O000818,P00011,5,491.77,2458.85
OI000505,O001826,P00089,2,216.75,433.5
OI000506,O000519,P00092,1,214.49,214.49
OI000507,O000935,P00047,4,227.86,911.44
OI000508,O000675,P00050,5,346.13,1730.65
OI000509,O001010,P00008,4,95.93,383.72
OI000510,O001386,P00040,4,236.44,945.76
OI000511,O000881,P00066,2,28.07,56.14
OI000512,O001418,P00084,5,423.08,2115.4
OI000513,O001179,P00043,1,494.17,494.17
OI000514,O001365,P00069,3,133.12,399.36
OI000515,O000987,P00036,3,214.6,643.8
OI000516,O000524,P00099,5,144.89,724.45
OI000517,O000727,P00070,2,362.61,725.22
OI000518,O001323,P00004,2,128.73,257.46
OI000519,O001599,P00060,5,220.71,1103.55
OI000520,O001712,P00043,1,188.5,188.5
OI000521,O000820,P00038,5,234.18,1170.9
OI000522,O001113,P00081,1,456.69,456.69
OI000523,O000136,P00071,1,367.59,367.59
OI000524,O001462,P00074,4,182.41,729.64
OI000525,O000881,P00088,5,398.71,1993.55
OI000526,O001304,P00073,2,132.18,264.36
OI000527,O001495,P00024,4,117.48,469.92
OI000528,O000824,P00028,5,317.67,1588.35
OI000529,O001868,P00077,5,411.56,2057.8
OI000530,O001723,P00086,5,300.1,1500.5
OI000531,O000346,P00067,4,412.66,1650.64
OI000532,O000694,P00081,5,124.13,620.65
OI000533,O001351,P00031,1,82.39,82.39
OI000534,O001925,P00016,1,436.14,436.14
OI000535,O001744,P00041,3,343.23,1029.69
OI000536,O000970,P00078,5,351.1,1755.5
OI000537,O001388,P00065,3,496.12,1488.36
OI000538,O000566,P00065,1,245.66,245.66
OI000539,O000753,P00016,1,223.83,223.83
OI000540,O001278,P00061,5,31.81,159.05
OI000541,O001923,P00068,2,14.46,28.92
OI000542,O001789,P00013,3,244.99,734.97
OI000543,O000325,P00064,1,258.54,258.54
OI000544,O000045,P00043,5,158.95,794.75
OI000545,O001974,P00071,4,306.62,1226.48
OI000546,O000451,P00062,5,375.34,1876.7
OI000547,O000266,P00093,3,460.4,1381.2
OI000548,O001491,P00013,2,254.07,508.14
OI000549,O001189,P00005,3,447.07,1341.21
OI000550,O001045,P00008,2,469.92,939.84
OI000551,O000081,P00053,1,446.83,446.83
OI000552,O000863,P00046,4,353.84,1415.36
OI000553,O000068,P00036,2,397.97,795.94
OI000554,O000025,P00016,5,212.9,1064.5
OI000555,O000622,P00044,2,454.24,908.48
OI000556,O001081,P00066,3,95.47,286.41
OI000557,O001924,P00057,5,339.07,1695.35
OI000558,O001821,P00058,4,363.68,1454.72
OI000559,O000287,P00017,1,459.28,459.28
OI000560,O000357,P00043,5,268.88,1344.4
OI000561,O000698,P00010,5,267.61,1338.05
OI000562,O001273,P00006,1,154.1,154.1
OI000563,O000896,P00047,5,444.1,2220.5
OI000564,O000244,P00036,4,169.02,676.08
OI000565,O001522,P00066,4,66.0,264.0
OI000566,O001549,P00055,3,276.79,830.37
OI000567,O000875,P00012,1,289.37,289.37
OI000568,O001871,P00038,5,253.82,1269.1
OI000569,O000801,P00025,3,267.03,801.09
OI000570,O000398,P00084,5,488.87,2444.35
OI000571,O001518,P00019,5,409.98,2049.9
OI000572,O000400,P00034,4,336.62,1346.48
OI000573,O001153,P00068,5,44.86,224.3
OI000574,O000038,P00006,5,216.76,1083.8
OI000575,O000606,P00075,2,464.16,928.32
OI000576,O001678,P00032,5,346.88,1734.4
OI000577,O000005,P00024,4,452.38,1809.52
OI000578,O000600,P00028,3,291.11,873.33
OI000579,O000569,P00049,1,149.95,149.95
OI000580,O000482,P00002,4,49.44,197.76
OI000581,O001258,P00035,2,277.73,555.46
OI000582,O000211,P00014,4,73.77,295.08
OI000583,O000843,P00073,2,198.17,396.34
OI000584,O001612,P00065,3,76.93,230.79
OI000585,O000433,P00090,2,56.69,113.38
OI000586,O001756,P00031,4,337.64,1350.56
OI000587,O001629,P00061,5,247.18,1235.9
OI000588,O001727,P00020,3,251.73,755.19
OI000589,O000899,P00031,3,125.88,377.64
OI000590,O001308,P00011,3,448.52,1345.56
OI000591,O000164,P00086,1,66.39,66.39
OI000592,O001647,P00082,3,184.74,554.22
OI000593,O001540,P00074,4,191.29,765.16
OI000594,O001279,P00098,3,346.48,1039.44
OI000595,O001208,P00085,2,262.28,524.56
OI000596,O000460,P00059,3,225.88,677.64
OI000597,O000902,P00063,1,302.63,302.63
OI000598,O000609,P00046,3,433.78,1301.34
OI000599,O000772,P00036,5,102.56,512.8
OI000600,O000317,P00031,3,242.11,726.33
OI000601,O000774,P00084,5,359.84,1799.2
OI000602,O000213,P00034,2,292.24,584.48
OI000603,O000027,P00084,2,14.99,29.98
OI000604,O001764,P00031,3,103.52,310.56
OI000605,O000026,P00055,1,449.92,449.92
OI000606,O001094,P00095,5,131.34,656.7
OI000607,O001820,P00042,3,205.33,615.99
OI000608,O001145,P00033,2,305.71,611.42
OI000609,O000975,P00069,2,373.54,747.08
OI000610,O000151,P00069,1,485.99,485.99
OI000611,O001678,P00056,5,133.43,667.15
OI000612,O001664,P00051,3,391.8,1175.4
OI000613,O001139,P00087,1,406.67,406.67
OI000614,O001452,P00083,5,54.3,271.5
OI000615,O000266,P00039,2,453.61,907.22
OI000616,O000561,P00061,5,335.25,1676.25
OI000617,O000536,P00021,2,416.52,833.04
OI000618,O001972,P00046,4,316.87,1267.48
OI000619,O000135,P00064,1,327.81,327.81
OI000620,O000590,P00022,2,36.12,72.24
OI000621,O001912,P00038,3,394.38,1183.14
OI000622,O001747,P00067,1,312.23,312.23
OI000623,O000031,P00090,2,435.08,870.16
OI000624,O000160,P00097,5,192.14,960.7
OI000625,O001532,P00062,3,104.07,312.21
OI000626,O000227,P00090,4,24.64,98.56
OI000627,O001032,P00037,1,222.49,222.49
OI000628,O001279,P00045,1,392.84,392.84
OI000629,O000942,P00077,5,328.28,1641.4
OI000630,O000897,P00023,4,278.73,1114.92
OI000631,O001168,P00044,4,130.42,521.68
OI000632,O000256,P00081,1,252.95,252.95
OI000633,O000718,P00008,5,339.01,1695.05
OI000634,O001759,P00019,3,350.6,1051.8
OI000635,O000823,P00028,4,345.21,1380.84
OI000636,O001546,P00055,4,247.57,990.28
OI000637,O001679,P00044,2,370.02,740.04
OI000638,O001487,P00029,4,80.51,322.04
OI000639,O000528,P00049,3,284.57,853.71
OI000640,O001043,P00081,4,45.7,182.8
OI000641,O001267,P00032,2,497.4,994.8
OI000642,O000361,P00008,1,89.26,89.26
OI000643,O000026,P00079,1,188.93,188.93
OI000644,O001274,P00096,5,320.51,1602.55
OI000645,O000283,P00032,5,34.52,172.6
OI000646,O001997,P00089,1,144.52,144.52
OI000647,O000642,P00023,4,438.25,1753.0
OI000648,O001710,P00060,2,27.54,55.08
OI000649,O000900,P00047,3,356.72,1070.16
OI000650,O001328,P00028,2,398.5,797.0
OI000651,O000798,P00001,1,436.35,436.35
OI000652,O000851,P00086,4,395.55,1582.2
OI000653,O000447,P00008,4,13.3,53.2
OI000654,O001272,P00037,5,296.6,1483.0
OI000655,O000989,P00050,1,481.47,481.47
OI000656,O000297,P00005,4,55.24,220.96
OI000657,O001736,P00047,1,97.0,97.0
OI000658,O001682,P00055,1,11.02,11.02
OI000659,O000667,P00067,1,159.81,159.81
OI000660,O001535,P00001,2,262.4,524.8
OI000661,O001441,P00038,2,327.28,654.56
OI000662,O001346,P00070,2,410.9,821.8
OI000663,O001952,P00067,4,409.48,1637.92
OI000664,O000083,P00025,4,138.89,555.56
OI000665,O000792,P00031,4,34.93,139.72
OI000666,O000870,P00043,3,186.17,558.51
OI000667,O001988,P00057,4,112.1,448.4
OI000668,O000383,P00018,1,214.82,214.82
OI000669,O001180,P00089,2,117.74,235.48
OI000670,O001282,P00051,1,379.26,379.26
OI000671,O001935,P00063,3,270.95,812.85
OI000672,O001705,P00094,3,100.47,301.41
OI000673,O001056,P00053,2,171.42,342.84
OI000674,O001089,P00066,1,284.29,284.29
OI000675,O001228,P00021,1,176.44,176.44
OI000676,O000133,P00009,1,166.81,166.81
OI000677,O001404,P00065,5,178.46,892.3
OI000678,O000888,P00060,3,267.31,801.93
OI000679,O000299,P00053,3,282.75,848.25
OI000680,O001916,P00049,5,453.68,2268.4
OI000681,O001421,P00051,4,177.64,710.56
OI000682,O000543,P00093,2,30.88,61.76
OI000683,O000063,P00083,4,10.61,42.44
OI000684,O000327,P00038,4,31.27,125.08
OI000685,O001022,P00050,5,194.75,973.75
OI000686,O000918,P00012,2,412.26,824.52
OI000687,O001609,P00064,1,44.23,44.23
OI000688,O000135,P00059,4,47.86,191.44
OI000689,O001805,P00074,2,133.01,266.02
OI000690,O000648,P00016,2,63.53,127.06
OI000691,O000499,P00015,5,17.26,86.3
OI000692,O001406,P00043,2,176.09,352.18
OI000693,O000757,P00056,5,106.33,531.65
OI000694,O000629,P00059,1,190.98,190.98
OI000695,O001791,P00072,2,85.63,171.26
OI000696,O001749,P00089,1,166.16,166.16
OI000697,O000229,P00038,2,101.45,202.9
OI000698,O000051,P00087,1,111.37,111.37
OI000699,O001934,P00047,2,137.62,275.24
OI000700,O000475,P00056,2,258.26,516.52
OI000701,O000126,P00096,5,120.14,600.7
OI000702,O001743,P00054,2,385.28,770.56
OI000703,O000329,P00085,3,490.82,1472.46
OI000704,O001760,P00089,4,263.17,1052.68
OI000705,O001175,P00062,4,451.4,1805.6
OI000706,O001592,P00092,1,475.87,475.87
OI000707,O000109,P00089,1,100.91,100.91
OI000708,O001377,P00024,4,493.74,1974.96
OI000709,O001109,P00022,4,304.28,1217.12
OI000710,O000216,P00028,3,298.59,895.77
OI000711,O000476,P00049,3,112.68,338.04
OI000712,O000511,P00020,1,397.88,397.88
OI000713,O000157,P00021,2,365.0,730.0
OI000714,O001400,P00067,2,216.07,432.14
OI000715,O000356,P00053,3,490.7,1472.1
OI000716,O000917,P00041,5,123.21,616.05
OI000717,O001775,P00062,4,79.12,316.48
OI000718,O001914,P00026,2,157.27,314.54
OI000719,O001557,P00042,2,239.27,478.54
OI000720,O000747,P00095,5,223.47,1117.35
OI000721,O000663,P00047,5,264.63,1323.15
OI000722,O001318,P00065,1,216.6,216.6
OI000723,O000997,P00061,2,61.2,122.4
OI000724,O000222,P00079,2,285.23,570.46
OI000725,O001270,P00074,3,193.57,580.71
OI000726,O001629,P00075,5,219.09,1095.45
OI000727,O000256,P00096,3,425.24,1275.72
OI000728,O000455,P00054,3,341.61,1024.83
OI000729,O001675,P00010,1,102.25,102.25
OI000730,O000232,P00001,5,494.03,2470.15
OI000731,O001095,P00014,1,156.14,156.14
OI000732,O000782,P00089,1,274.86,274.86
OI000733,O000153,P00024,1,79.53,79.53
OI000734,O001219,P00089,2,488.88,977.76
OI000735,O000770,P00018,1,325.77,325.77
OI000736,O000881,P00078,3,201.08,603.24
OI000737,O000460,P00063,5,153.19,765.95
OI000738,O000490,P00037,1,193.9,193.9
OI000739,O001470,P00012,4,92.66,370.64
OI000740,O000993,P00082,1,166.79,166.79
OI000741,O001690,P00064,4,400.07,1600.28
OI000742,O000857,P00022,1,259.66,259.66
OI000743,O000712,P00021,2,382.09,764.18
OI000744,O000230,P00053,5,123.6,618.0
OI000745,O001746,P00039,2,157.55,315.1
OI000746,O000416,P00002,1,286.96,286.96
OI000747,O000560,P00093,4,107.73,430.92
OI000748,O000033,P00081,3,319.73,959.19
OI000749,O000447,P00064,1,200.65,200.65
OI000750,O000168,P00030,5,460.49,2302.45
OI000751,O001000,P00003,4,41.76,167.04
OI000752,O001750,P00052,2,420.43,840.86
OI000753,O000255,P00026,5,11.33,56.65
OI000754,O001913,P00026,3,72.36,217.08
OI000755,O001676,P00070,5,361.19,1805.95
OI000756,O000720,P00058,4,24.47,97.88
OI000757,O000840,P00072,2,218.18,436.36
OI000758,O001491,P00010,2,461.94,923.88
OI000759,O000968,P00098,5,330.95,1654.75
OI000760,O001957,P00003,5,285.77,1428.85
OI000761,O000164,P00082,2,245.41,490.82
OI000762,O001544,P00067,2,388.19,776.38
OI000763,O000726,P00039,1,302.01,302.01
OI000764,O000976,P00055,3,173.5,520.5
OI000765,O000249,P00062,2,350.51,701.02
OI000766,O000877,P00082,2,234.48,468.96
OI000767,O000477,P00057,1,113.57,113.57
OI000768,O001605,P00012,4,359.2,1436.8
OI000769,O000089,P00052,1,460.7,460.7
OI000770,O000791,P00064,1,337.07,337.07
OI000771,O001665,P00012,5,492.97,2464.85
OI000772,O000486,P00068,5,199.99,999.95
OI000773,O000059,P00093,1,162.69,162.69
OI000774,O001494,P00053,3,113.07,339.21
OI000775,O001053,P00007,4,280.35,1121.4
OI000776,O000827,P00023,1,180.17,180.17
OI000777,O001105,P00011,4,468.68,1874.72
OI000778,O000669,P00041,1,188.87,188.87
OI000779,O001941,P00087,2,164.22,328.44
OI000780,O001891,P00019,3,179.51,538.53
OI000781,O001876,P00065,3,292.36,877.08
OI000782,O000693,P00071,2,322.07,644.14
OI000783,O000141,P00064,5,141.66,708.3
OI000784,O001945,P00031,4,401.22,1604.88
OI000785,O001694,P00013,1,199.75,199.75
OI000786,O000683,P00020,1,391.79,391.79
OI000787,O000915,P00004,4,440.28,1761.12
OI000788,O001280,P00043,1,40.59,40.59
OI000789,O001858,P00058,4,41.96,167.84
OI000790,O000762,P00031,4,212.97,851.88
OI000791,O000740,P00060,1,451.39,451.39
OI000792,O000703,P00074,2,377.41,754.82
OI000793,O001147,P00075,1,160.63,160.63
OI000794,O001622,P00055,3,49.89,149.67
OI000795,O000512,P00077,4,116.98,467.92
OI000796,O001201,P00037,4,67.42,269.68
OI000797,O000131,P00024,2,237.77,475.54
OI000798,O001969,P00020,4,127.0,508.0
OI000799,O000007,P00038,5,92.57,462.85
OI000800,O000285,P00021,3,142.97,428.91
OI000801,O000064,P00067,1,138.79,138.79
OI000802,O001114,P00073,5,118.52,592.6
OI000803,O000443,P00050,1,86.94,86.94
OI000804,O001692,P00065,3,443.05,1329.15
OI000805,O000905,P00035,1,382.29,382.29
OI000806,O001441,P00008,2,228.25,456.5
OI000807,O001053,P00016,2,306.61,613.22
OI000808,O000985,P00068,1,299.31,299.31
OI000809,O001000,P00070,4,413.37,1653.48
OI000810,O000974,P00038,3,101.51,304.53
OI000811,O001501,P00026,4,54.4,217.6
OI000812,O001141,P00053,1,358.98,358.98
OI000813,O000012,P00003,5,498.54,2492.7
OI000814,O000013,P00036,5,324.62,1623.1
OI000815,O001338,P00009,3,415.59,1246.77
OI000816,O001394,P00003,4,403.1,1612.4
OI000817,O000694,P00002,3,92.02,276.06
OI000818,O000655,P00089,5,26.63,133.15
OI000819,O001196,P00040,5,373.87,1869.35
OI000820,O000959,P00081,3,307.4,922.2
OI000821,O000911,P00077,4,429.63,1718.52
OI000822,O001156,P00078,5,316.02,1580.1
OI000823,O000737,P00083,3,247.71,743.13
OI000824,O000261,P00011,5,43.62,218.1
OI000825,O000724,P00090,4,476.08,1904.32
OI000826,O001386,P00080,2,275.63,551.26
OI000827,O000583,P00065,1,21.92,21.92
OI000828,O000185,P00029,4,364.71,1458.84
OI000829,O000647,P00023,4,283.32,1133.28
OI000830,O000008,P00099,3,149.8,449.4
OI000831,O000920,P00003,1,305.6,305.6
OI000832,O000815,P00045,2,416.35,832.7
OI000833,O000285,P00001,1,173.01,173.01
OI000834,O000180,P00094,4,36.75,147.0
OI000835,O000059,P00090,4,395.06,1580.24
OI000836,O000488,P00024,4,291.48,1165.92
OI000837,O001338,P00049,5,423.69,2118.45
OI000838,O001598,P00048,5,473.83,2369.15
OI000839,O000486,P00001,2,20.89,41.78
OI000840,O001922,P00062,3,492.28,1476.84
OI000841,O001605,P00068,4,192.69,770.76
OI000842,O000696,P00099,4,462.96,1851.84
OI000843,O001086,P00090,1,430.64,430.64
OI000844,O001521,P00087,5,225.59,1127.95
OI000845,O000902,P00006,4,340.7,1362.8
OI000846,O000802,P00051,1,37.04,37.04
OI000847,O000569,P00006,5,300.2,1501.0
OI000848,O001283,P00019,3,105.37,316.11
OI000849,O000293,P00017,3,58.62,175.86
OI000850,O001494,P00065,4,121.36,485.44
OI000851,O000075,P00031,2,154.41,308.82
OI000852,O000345,P00013,3,398.55,1195.65
OI000853,O000701,P00038,4,432.56,1730.24
OI000854,O001413,P00083,5,442.68,2213.4
OI000855,O000509,P00090,5,446.14,2230.7
OI000856,O000970,P00089,2,263.85,527.7
OI000857,O001566,P00100,4,316.85,1267.4
OI000858,O001774,P00059,3,335.57,1006.71
OI000859,O000603,P00095,2,62.0,124.0
OI000860,O000611,P00030,1,201.22,201.22
OI000861,O000529,P00036,5,213.31,1066.55
OI000862,O001530,P00004,3,419.25,1257.75
OI000863,O001261,P00001,3,121.63,364.89
OI000864,O000077,P00081,4,56.38,225.52
OI000865,O000797,P00086,2,281.65,563.3
OI000866,O001288,P00076,4,483.79,1935.16
OI000867,O000492,P00047,2,315.56,631.12
OI000868,O000340,P00068,4,317.4,1269.6
OI000869,O001005,P00080,3,190.8,572.4
OI000870,O001001,P00044,2,34.92,69.84
OI000871,O001681,P00054,5,224.68,1123.4
OI000872,O000423,P00019,5,137.97,689.85
OI000873,O001536,P00058,3,226.21,678.63
OI000874,O001160,P00007,3,457.96,1373.88
OI000875,O000773,P00056,2,331.74,663.48
OI000876,O000338,P00072,2,185.37,370.74
OI000877,O000280,P00058,2,323.88,647.76
OI000878,O001388,P00024,4,77.31,309.24
OI000879,O001722,P00034,1,228.58,228.58
OI000880,O000182,P00029,1,341.26,341.26
OI000881,O001823,P00018,3,347.02,1041.06
OI000882,O000600,P00059,4,136.7,546.8
OI000883,O000466,P00029,2,415.05,830.1
OI000884,O000719,P00071,1,278.7,278.7
OI000885,O000654,P00057,1,210.77,210.77
OI000886,O001553,P00043,4,82.84,331.36
OI000887,O000638,P00024,2,11.77,23.54
OI000888,O000057,P00069,5,450.65,2253.25
OI000889,O000740,P00012,2,491.8,983.6
OI000890,O000240,P00091,4,19.97,79.88
OI000891,O000563,P00073,1,102.44,102.44
OI000892,O001570,P00002,2,43.4,86.8
OI000893,O001878,P00013,1,427.48,427.48
OI000894,O000172,P00030,2,477.38,954.76
OI000895,O000549,P00012,3,110.2,330.6
OI000896,O000775,P00049,5,139.83,699.15
OI000897,O001397,P00071,5,213.0,1065.0
OI000898,O001706,P00097,1,409.58,409.58
OI000899,O001098,P00041,4,428.09,1712.36
OI000900,O001425,P00046,4,291.84,1167.36
OI000901,O001125,P00018,5,411.1,2055.5
OI000902,O000557,P00014,2,23.59,47.18
OI000903,O000091,P00027,5,388.49,1942.45
OI000904,O000998,P00095,2,29.91,59.82
OI000905,O001848,P00072,3,108.38,325.14
OI000906,O000350,P00006,2,496.54,993.08
OI000907,O001496,P00030,1,433.0,433.0
OI000908,O000920,P00086,1,487.72,487.72
OI000909,O000176,P00027,4,128.19,512.76
OI000910,O000314,P00084,2,393.78,787.56
OI000911,O001562,P00013,1,285.44,285.44
OI000912,O000839,P00076,1,181.17,181.17
OI000913,O001863,P00072,3,167.13,501.39
OI000914,O000419,P00075,3,27.88,83.64
OI000915,O001815,P00049,2,313.12,626.24
OI000916,O000563,P00083,4,279.19,1116.76
OI000917,O001325,P00096,1,215.36,215.36
OI000918,O001307,P00008,5,84.27,421.35
OI000919,O000013,P00075,1,135.76,135.76
OI000920,O001889,P00081,3,422.2,1266.6
OI000921,O000106,P00080,2,87.8,175.6
OI000922,O001786,P00059,5,70.57,352.85
OI000923,O000675,P00038,2,300.37,600.74
OI000924,O001794,P00081,3,310.65,931.95
OI000925,O000762,P00007,5,390.55,1952.75
OI000926,O000755,P00040,2,226.49,452.98
OI000927,O001057,P00073,4,456.25,1825.0
OI000928,O001712,P00093,5,329.6,1648.0
OI000929,O000653,P00075,3,159.89,479.67
OI000930,O000060,P00027,5,228.65,1143.25
OI000931,O000814,P00076,1,207.92,207.92
OI000932,O001778,P00099,1,54.68,54.68
OI000933,O001206,P00056,4,441.32,1765.28
OI000934,O001769,P00079,1,315.33,315.33
OI000935,O000839,P00076,4,114.9,459.6
OI000936,O000153,P00066,3,262.88,788.64
OI000937,O000755,P00084,1,286.63,286.63
OI000938,O001783,P00024,4,113.29,453.16
OI000939,O001187,P00001,3,90.12,270.36
OI000940,O000200,P00016,1,160.89,160.89
OI000941,O001503,P00015,2,126.38,252.76
OI000942,O001182,P00062,1,79.51,79.51
OI000943,O000948,P00085,4,371.35,1485.4
OI000944,O000605,P00035,4,226.96,907.84
OI000945,O001211,P00005,3,346.29,1038.87
OI000946,O001150,P00075,5,123.65,618.25
OI000947,O001471,P00007,1,499.83,499.83
OI000948,O000709,P00062,3,192.28,576.84
OI000949,O001363,P00030,5,306.18,1530.9
OI000950,O000199,P00010,1,248.92,248.92
OI000951,O001935,P00083,3,198.83,596.49
OI000952,O000477,P00083,3,145.17,435.51
OI000953,O000780,P00033,5,16.37,81.85
OI000954,O001377,P00053,1,221.82,221.82
OI000955,O000832,P00020,4,153.84,615.36
OI000956,O001000,P00066,4,466.63,1866.52
OI000957,O001993,P00030,1,68.34,68.34
OI000958,O001465,P00066,5,470.55,2352.75
OI000959,O000268,P00025,1,197.25,197.25
OI000960,O001820,P00068,1,450.86,450.86
OI000961,O000481,P00081,5,112.21,561.05
OI000962,O000464,P00061,3,225.73,677.19
OI000963,O000938,P00066,5,241.6,1208.0
OI000964,O001760,P00095,3,103.35,310.05
OI000965,O001354,P00068,5,303.68,1518.4
OI000966,O001574,P00056,2,158.52,317.04
OI000967,O000695,P00074,1,354.33,354.33
OI000968,O001194,P00044,4,17.85,71.4
OI000969,O000546,P00057,3,335.6,1006.8
OI000970,O001724,P00048,4,47.39,189.56
OI000971,O000540,P00030,4,197.01,788.04
OI000972,O000804,P00032,2,496.38,992.76
OI000973,O001585,P00028,5,371.82,1859.1
OI000974,O001720,P00021,2,181.19,362.38
OI000975,O000251,P00021,1,411.73,411.73
OI000976,O000431,P00005,2,62.05,124.1
OI000977,O000414,P00020,5,407.01,2035.05
OI000978,O000815,P00005,4,495.93,1983.72
OI000979,O001944,P00057,3,349.43,1048.29
OI000980,O001793,P00058,1,255.08,255.08
OI000981,O001622,P00094,1,103.85,103.85
OI000982,O001418,P00060,5,289.19,1445.95
OI000983,O000799,P00068,3,113.39,340.17
OI000984,O000123,P00067,4,100.14,400.56
OI000985,O000051,P00021,1,480.29,480.29
OI000986,O000549,P00086,2,461.89,923.78
OI000987,O001088,P00012,3,240.12,720.36
OI000988,O000488,P00051,5,226.64,1133.2
OI000989,O001261,P00037,5,163.84,819.2
OI000990,O001866,P00033,3,397.8,1193.4
OI000991,O001623,P00012,4,337.5,1350.0
OI000992,O001225,P00014,2,46.81,93.62
OI000993,O001427,P00058,2,447.28,894.56
OI000994,O001035,P00073,4,317.14,1268.56
OI000995,O001087,P00013,4,329.22,1316.88
OI000996,O001461,P00098,3,382.95,1148.85
OI000997,O000011,P00016,2,329.21,658.42
OI000998,O001976,P00026,3,140.03,420.09
OI000999,O000715,P00005,3,314.0,942.0
OI001000,O001127,P00043,2,403.02,806.04
OI001001,O000445,P00088,3,476.52,1429.56
OI001002,O001941,P00030,4,254.75,1019.0
OI001003,O000963,P00005,4,147.26,589.04
OI001004,O000169,P00044,1,206.27,206.27
OI001005,O000756,P00055,2,187.69,375.38
OI001006,O000626,P00072,1,317.09,317.09
OI001007,O000400,P00018,3,442.89,1328.67
OI001008,O001093,P00038,4,100.11,400.44
OI001009,O000149,P00023,2,138.94,277.88
OI001010,O001759,P00092,1,176.09,176.09
OI001011,O000903,P00089,5,125.51,627.55
OI001012,O001496,P00093,5,412.16,2060.8
OI001013,O001724,P00008,3,377.46,1132.38
OI001014,O001999,P00015,3,195.09,585.27
OI001015,O000509,P00093,4,211.79,847.16
OI001016,O001846,P00014,5,407.61,2038.05
OI001017,O001928,P00018,5,149.26,746.3
OI001018,O001725,P00064,2,92.17,184.34
OI001019,O000596,P00085,5,301.13,1505.65
OI001020,O000358,P00062,1,222.5,222.5
OI001021,O000082,P00068,5,37.53,187.65
OI001022,O001822,P00018,3,459.98,1379.94
OI001023,O000648,P00031,3,487.43,1462.29
OI001024,O000257,P00068,1,182.22,182.22
OI001025,O001728,P00009,2,461.36,922.72
OI001026,O001753,P00012,3,34.9,104.7
OI001027,O000148,P00050,2,128.48,256.96
OI001028,O001119,P00065,5,15.61,78.05
OI001029,O000361,P00011,5,210.86,1054.3
OI001030,O001012,P00019,2,365.62,731.24
OI001031,O000184,P00062,4,219.53,878.12
OI001032,O001493,P00080,1,13.7,13.7
OI001033,O001880,P00091,1,445.34,445.34
OI001034,O000924,P00024,4,165.51,662.04
OI001035,O000731,P00053,2,16.62,33.24
OI001036,O001096,P00074,4,378.03,1512.12
OI001037,O001308,P00066,3,339.93,1019.79
OI001038,O000583,P00043,3,245.63,736.89
OI001039,O001467,P00060,5,140.45,702.25
OI001040,O001704,P00071,1,194.73,194.73
OI001041,O000077,P00042,2,148.57,297.14
OI001042,O000082,P00023,4,121.91,487.64
OI001043,O001219,P00054,3,215.41,646.23
OI001044,O000028,P00038,2,463.96,927.92
OI001045,O001336,P00045,5,439.83,2199.15
OI001046,O001095,P00074,5,436.69,2183.45
OI001047,O000552,P00035,5,153.65,768.25
OI001048,O000713,P00042,5,370.27,1851.35
OI001049,O001349,P00035,4,150.78,603.12
OI001050,O000806,P00058,2,295.19,590.38
OI001051,O000724,P00006,5,304.63,1523.15
OI001052,O000589,P00073,5,216.94,1084.7
OI001053,O000629,P00062,2,403.1,806.2
OI001054,O000998,P00033,2,154.66,309.32
OI001055,O001540,P00074,4,81.77,327.08
OI001056,O001188,P00030,3,249.53,748.59
OI001057,O001133,P00067,1,260.84,260.84
OI001058,O000036,P00086,3,238.06,714.18
OI001059,O001706,P00042,2,20.94,41.88
OI001060,O001406,P00046,3,39.22,117.66
OI001061,O001274,P00068,4,476.66,1906.64
OI001062,O000012,P00039,4,173.16,692.64
OI001063,O000167,P00069,5,369.2,1846.0
OI001064,O001435,P00083,1,301.35,301.35
OI001065,O000009,P00005,5,108.27,541.35
OI001066,O001911,P00069,1,482.0,482.0
OI001067,O001758,P00063,1,432.5,432.5
OI001068,O001165,P00022,1,51.38,51.38
OI001069,O001031,P00005,1,229.6,229.6
OI001070,O000526,P00082,4,289.07,1156.28
OI001071,O001196,P00040,2,461.44,922.88
OI001072,O001381,P00068,3,178.45,535.35
OI001073,O000475,P00033,4,356.79,1427.16
OI001074,O001182,P00043,2,337.69,675.38
OI001075,O001256,P00080,1,426.43,426.43
OI001076,O001807,P00064,2,496.71,993.42
OI001077,O000600,P00036,1,413.97,413.97
OI001078,O000472,P00043,4,113.67,454.68
OI001079,O000882,P00063,1,107.52,107.52
OI001080,O000609,P00078,1,342.47,342.47
OI001081,O001272,P00090,1,76.96,76.96
OI001082,O000153,P00083,2,392.03,784.06
OI001083,O000197,P00003,3,127.17,381.51
OI001084,O001208,P00058,5,67.9,339.5
OI001085,O000664,P00040,5,408.58,2042.9
OI001086,O000653,P00062,5,494.05,2470.25
OI001087,O001482,P00040,2,17.52,35.04
OI001088,O001514,P00003,4,31.44,125.76
OI001089,O001978,P00016,5,234.98,1174.9
OI001090,O001954,P00076,5,73.01,365.05
OI001091,O000638,P00083,4,99.22,396.88
OI001092,O001402,P00006,4,436.5,1746.0
OI001093,O001143,P00004,5,258.09,1290.45
OI001094,O001367,P00098,3,395.67,1187.01
OI001095,O000513,P00068,4,99.93,399.72
OI001096,O001307,P00009,5,463.08,2315.4
OI001097,O001718,P00044,3,215.93,647.79
OI001098,O000021,P00052,1,217.63,217.63
OI001099,O001563,P00013,1,463.18,463.18
OI001100,O001899,P00018,1,16.38,16.38
OI001101,O000982,P00092,2,299.49,598.98
OI001102,O001256,P00077,5,496.78,2483.9
OI001103,O000245,P00096,2,58.51,117.02
OI001104,O001130,P00049,2,186.88,373.76
OI001105,O001557,P00003,1,404.04,404.04
OI001106,O000335,P00032,5,195.96,979.8
OI001107,O001136,P00059,5,160.67,803.35
OI001108,O000672,P00059,5,160.47,802.35
OI001109,O001523,P00013,5,459.96,2299.8
OI001110,O000011,P00077,3,132.92,398.76
OI001111,O000738,P00090,3,170.34,511.02
OI001112,O000496,P00077,1,262.08,262.08
OI001113,O000010,P00037,1,238.98,238.98
OI001114,O001877,P00008,2,399.53,799.06
OI001115,O000973,P00089,2,345.23,690.46
OI001116,O001189,P00038,3,360.05,1080.15
OI001117,O000676,P00073,4,425.39,1701.56
OI001118,O001979,P00003,1,248.74,248.74
OI001119,O001856,P00076,2,406.31,812.62
OI001120,O000221,P00079,2,402.62,805.24
OI001121,O000289,P00019,5,408.21,2041.05
OI001122,O000696,P00068,4,51.17,204.68
OI001123,O000565,P00061,5,98.0,490.0
OI001124,O001816,P00014,3,295.17,885.51
OI001125,O001598,P00076,2,126.29,252.58
OI001126,O001163,P00062,5,104.74,523.7
OI001127,O000200,P00030,1,156.76,156.76
OI001128,O000347,P00065,2,164.74,329.48
OI001129,O000918,P00007,1,432.59,432.59
OI001130,O000897,P00040,2,433.43,866.86
OI001131,O000679,P00022,5,17.4,87.0
OI001132,O000071,P00004,3,457.94,1373.82
OI001133,O001258,P00025,4,77.04,308.16
OI001134,O001160,P00079,4,70.58,282.32
OI001135,O000930,P00086,2,287.27,574.54
OI001136,O000482,P00024,5,306.78,1533.9
OI001137,O000961,P00032,3,176.58,529.74
OI001138,O000371,P00032,2,11.09,22.18
OI001139,O001364,P00067,5,480.63,2403.15
OI001140,O000018,P00006,4,407.29,1629.16
OI001141,O000156,P00068,3,316.54,949.62
OI001142,O000544,P00056,1,438.52,438.52
OI001143,O001820,P00027,1,89.94,89.94
OI001144,O001061,P00047,1,311.43,311.43
OI001145,O000319,P00071,4,497.15,1988.6
OI001146,O000354,P00100,3,475.34,1426.02
OI001147,O001369,P00094,2,401.74,803.48
OI001148,O001032,P00051,1,28.85,28.85
OI001149,O001295,P00085,3,101.72,305.16
OI001150,O001540,P00051,4,140.25,561.0
OI001151,O001115,P00079,1,345.39,345.39
OI001152,O000972,P00095,1,196.69,196.69
OI001153,O000029,P00049,3,375.64,1126.92
OI001154,O001571,P00034,1,172.77,172.77
OI001155,O001046,P00031,2,340.16,680.32
OI001156,O000034,P00008,3,285.34,856.02
OI001157,O001563,P00100,5,434.01,2170.05
OI001158,O001212,P00084,4,210.5,842.0
OI001159,O001892,P00092,1,457.01,457.01
OI001160,O000432,P00025,5,135.12,675.6
OI001161,O001493,P00073,2,32.53,65.06
OI001162,O000947,P00036,5,432.56,2162.8
OI001163,O001754,P00017,1,415.86,415.86
OI001164,O000127,P00009,1,205.11,205.11
OI001165,O001824,P00079,1,179.63,179.63
OI001166,O000200,P00093,5,142.93,714.65
OI001167,O000303,P00053,2,497.16,994.32
OI001168,O000363,P00078,1,423.55,423.55
OI001169,O001964,P00044,3,78.6,235.8
OI001170,O001847,P00066,3,121.92,365.76
OI001171,O000276,P00066,1,455.3,455.3
OI001172,O000165,P00051,4,193.85,775.4
OI001173,O001275,P00041,3,150.95,452.85
OI001174,O000309,P00065,5,116.93,584.65
OI001175,O001301,P00075,3,227.94,683.82
OI001176,O001992,P00025,5,461.7,2308.5
OI001177,O001690,P00097,4,48.65,194.6
OI001178,O001813,P00099,2,342.57,685.14
OI001179,O000003,P00021,5,465.32,2326.6
OI001180,O001447,P00018,2,431.41,862.82
OI001181,O001153,P00099,5,256.77,1283.85
OI001182,O001462,P00027,1,477.19,477.19
OI001183,O000819,P00094,3,135.04,405.12
OI001184,O000115,P00034,4,494.91,1979.64
OI001185,O000682,P00059,3,283.69,851.07
OI001186,O001000,P00092,1,20.69,20.69
OI001187,O000598,P00035,4,10.2,40.8
OI001188,O001906,P00048,1,472.57,472.57
OI001189,O000004,P00036,2,350.47,700.94
OI001190,O000679,P00055,1,99.77,99.77
OI001191,O001906,P00030,4,330.34,1321.36
OI001192,O001710,P00073,2,321.62,643.24
OI001193,O000382,P00007,2,487.95,975.9
OI001194,O000125,P00071,5,313.58,1567.9
OI001195,O000137,P00084,5,78.88,394.4
OI001196,O001579,P00040,5,77.78,388.9
OI001197,O000389,P00060,1,316.52,316.52
OI001198,O000227,P00004,2,350.09,700.18
OI001199,O000061,P00040,1,474.81,474.81
OI001200,O000544,P00039,2,471.85,943.7
OI001201,O000343,P00006,3,261.74,785.22
OI001202,O000483,P00100,4,335.74,1342.96
OI001203,O001438,P00033,4,300.48,1201.92
OI001204,O001920,P00016,3,70.49,211.47
OI001205,O000164,P00039,5,282.54,1412.7
OI001206,O001798,P00020,2,309.55,619.1
OI001207,O001692,P00033,2,495.53,991.06
OI001208,O001473,P00048,1,98.19,98.19
OI001209,O000762,P00028,5,387.43,1937.15
OI001210,O000745,P00051,4,85.7,342.8
OI001211,O000379,P00010,4,190.47,761.88
OI001212,O000909,P00005,5,275.15,1375.75
OI001213,O001450,P00078,2,158.11,316.22
OI001214,O000399,P00032,3,406.58,1219.74
OI001215,O000959,P00028,4,72.45,289.8
OI001216,O000073,P00029,1,440.32,440.32
OI001217,O000341,P00026,1,492.57,492.57
OI001218,O001627,P00021,5,83.61,418.05
OI001219,O000009,P00079,4,206.42,825.68
OI001220,O000171,P00030,2,318.56,637.12
OI001221,O001696,P00079,5,343.69,1718.45
OI001222,O001230,P00025,1,232.69,232.69
OI001223,O001194,P00067,1,327.34,327.34
OI001224,O000643,P00023,1,319.56,319.56
OI001225,O000895,P00095,4,411.25,1645.0
OI001226,O000410,P00097,2,74.06,148.12
OI001227,O001282,P00056,5,36.03,180.15
OI001228,O000829,P00091,4,357.1,1428.4
OI001229,O001734,P00083,1,101.86,101.86
OI001230,O000792,P00002,1,73.5,73.5
OI001231,O001809,P00045,5,362.14,1810.7
OI001232,O000096,P00058,2,36.35,72.7
OI001233,O000322,P00001,5,294.52,1472.6
OI001234,O001370,P00098,5,88.91,444.55
OI001235,O001460,P00078,1,294.02,294.02
OI001236,O001562,P00008,5,209.14,1045.7
OI001237,O001299,P00061,2,412.26,824.52
OI001238,O001558,P00084,1,474.31,474.31
OI001239,O001221,P00056,1,199.13,199.13
OI001240,O001001,P00089,3,153.99,461.97
OI001241,O001033,P00003,5,194.77,973.85
OI001242,O000191,P00087,3,371.36,1114.08
OI001243,O000010,P00021,1,465.16,465.16
OI001244,O000070,P00047,5,239.65,1198.25
OI001245,O000593,P00048,5,221.9,1109.5
OI001246,O000299,P00022,1,434.24,434.24
OI001247,O000926,P00080,5,89.05,445.25
OI001248,O001423,P00012,1,270.64,270.64
OI001249,O000411,P00034,5,36.04,180.2
OI001250,O001489,P00008,1,229.56,229.56
OI001251,O001913,P00049,4,35.18,140.72
OI001252,O000823,P00011,2,326.25,652.5
OI001253,O001859,P00023,1,31.75,31.75
OI001254,O000418,P00061,2,280.99,561.98
OI001255,O000775,P00071,5,497.94,2489.7
OI001256,O000919,P00036,2,328.24,656.48
OI001257,O001459,P00015,5,189.0,945.0
OI001258,O001849,P00072,2,331.95,663.9
OI001259,O000858,P00058,5,335.8,1679.0
OI001260,O000082,P00076,5,266.07,1330.35
OI001261,O000317,P00010,3,440.49,1321.47
OI001262,O001643,P00098,1,205.47,205.47
OI001263,O000511,P00061,4,160.89,643.56
OI001264,O001111,P00011,5,133.49,667.45
OI001265,O000194,P00054,3,34.09,102.27
OI001266,O000895,P00063,1,71.92,71.92
OI001267,O001234,P00064,3,468.15,1404.45
OI001268,O000078,P00046,2,294.63,589.26
OI001269,O001830,P00010,1,495.05,495.05
OI001270,O000365,P00082,1,375.95,375.95
OI001271,O001681,P00042,3,224.85,674.55
OI001272,O001118,P00063,4,431.39,1725.56
OI001273,O000621,P00026,5,313.33,1566.65
OI001274,O001225,P00017,4,98.08,392.32
OI001275,O001827,P00020,3,93.8,281.4
OI001276,O000253,P00057,3,177.14,531.42
OI001277,O000370,P00068,1,444.74,444.74
OI001278,O000737,P00001,5,163.84,819.2
OI001279,O000508,P00043,1,61.6,61.6
OI001280,O001130,P00015,3,70.07,210.21
OI001281,O000425,P00022,1,499.13,499.13
OI001282,O000176,P00044,3,43.71,131.13
OI001283,O001871,P00073,5,420.11,2100.55
OI001284,O000512,P00100,4,225.69,902.76
OI001285,O001347,P00035,4,32.25,129.0
OI001286,O001703,P00043,5,405.39,2026.95
OI001287,O000355,P00085,1,258.99,258.99
OI001288,O001024,P00048,1,239.01,239.01
OI001289,O001995,P00088,1,107.18,107.18
OI001290,O000211,P00061,3,343.29,1029.87
OI001291,O000954,P00089,2,328.51,657.02
OI001292,O000692,P00036,4,152.93,611.72
OI001293,O000701,P00045,1,41.49,41.49
OI001294,O001210,P00038,3,222.27,666.81
OI001295,O000297,P00092,2,225.59,451.18
OI001296,O001796,P00096,5,197.43,987.15
OI001297,O001551,P00053,2,164.41,328.82
OI001298,O000995,P00095,2,174.62,349.24
OI001299,O000565,P00040,3,154.94,464.82
OI001300,O001831,P00046,3,25.38,76.14
OI001301,O001022,P00099,1,11.33,11.33
OI001302,O001595,P00100,5,97.38,486.9
OI001303,O001760,P00026,3,239.16,717.48
OI001304,O001918,P00007,3,491.63,1474.89
OI001305,O000990,P00055,2,173.02,346.04
OI001306,O000010,P00067,2,43.59,87.18
OI001307,O001856,P00090,3,482.14,1446.42
OI001308,O000723,P00087,5,315.09,1575.45
OI001309,O000577,P00007,1,449.74,449.74
OI001310,O000090,P00043,5,484.8,2424.0
OI001311,O001018,P00082,2,18.97,37.94
OI001312,O001082,P00052,3,60.39,181.17
OI001313,O000482,P00073,1,147.37,147.37
OI001314,O001778,P00044,2,183.92,367.84
OI001315,O001004,P00038,3,440.6,1321.8
OI001316,O000644,P00008,2,171.74,343.48
OI001317,O000749,P00006,5,341.14,1705.7
OI001318,O001890,P00056,2,291.16,582.32
OI001319,O001282,P00027,5,264.37,1321.85
OI001320,O001093,P00012,2,177.45,354.9
OI001321,O000103,P00011,5,188.96,944.8
OI001322,O001532,P00080,3,412.21,1236.63
OI001323,O000189,P00084,3,140.12,420.36
OI001324,O001905,P00070,2,163.44,326.88
OI001325,O000437,P00037,4,281.94,1127.76
OI001326,O001629,P00047,4,336.51,1346.04
OI001327,O001912,P00019,3,73.36,220.08
OI001328,O001873,P00020,5,20.89,104.45
OI001329,O001758,P00010,5,142.36,711.8
OI001330,O001737,P00075,5,97.37,486.85
OI001331,O000556,P00071,2,314.05,628.1
OI001332,O000445,P00073,2,185.59,371.18
OI001333,O000883,P00016,2,212.71,425.42
OI001334,O000218,P00073,4,347.13,1388.52
OI001335,O001104,P00072,1,482.55,482.55
OI001336,O000261,P00099,4,442.55,1770.2
OI001337,O001021,P00098,2,323.29,646.58
OI001338,O001961,P00094,2,27.96,55.92
OI001339,O000127,P00029,5,200.97,1004.85
OI001340,O001391,P00056,1,485.63,485.63
OI001341,O001042,P00064,3,399.78,1199.34
OI001342,O001982,P00065,5,208.2,1041.0
OI001343,O001081,P00002,4,103.37,413.48
OI001344,O001591,P00056,2,235.22,470.44
OI001345,O000667,P00082,3,317.94,953.82
OI001346,O001749,P00016,2,275.82,551.64
OI001347,O000705,P00023,5,252.15,1260.75
OI001348,O001750,P00017,5,361.93,1809.65
OI001349,O001728,P00074,2,272.05,544.1
OI001350,O001367,P00003,2,201.72,403.44
OI001351,O000510,P00084,2,43.06,86.12
OI001352,O000881,P00049,1,229.94,229.94
OI001353,O001142,P00080,1,380.86,380.86
OI001354,O000832,P00003,4,232.9,931.6
OI001355,O001231,P00057,4,251.11,1004.44
OI001356,O000159,P00098,1,13.47,13.47
OI001357,O000973,P00007,5,440.06,2200.3
OI001358,O001525,P00027,3,330.23,990.69
OI001359,O000162,P00019,2,425.23,850.46
OI001360,O001215,P00024,3,111.49,334.47
OI001361,O000820,P00085,5,161.89,809.45
OI001362,O001468,P00013,1,374.48,374.48
OI001363,O001272,P00046,3,445.29,1335.87
OI001364,O000411,P00074,1,464.29,464.29
OI001365,O001451,P00070,5,288.42,1442.1
OI001366,O000070,P00069,5,55.09,275.45
OI001367,O000310,P00052,1,87.28,87.28
OI001368,O001255,P00067,4,390.79,1563.16
OI001369,O001229,P00089,1,92.48,92.48
OI001370,O000874,P00056,3,97.32,291.96
OI001371,O000699,P00097,2,494.45,988.9
OI001372,O001130,P00092,2,64.3,128.6
OI001373,O000476,P00091,2,367.99,735.98
OI001374,O001015,P00006,1,355.08,355.08
OI001375,O000428,P00055,5,370.32,1851.6
OI001376,O000808,P00052,3,216.97,650.91
OI001377,O001152,P00034,5,119.7,598.5
OI001378,O001878,P00066,1,495.67,495.67
OI001379,O000680,P00048,1,492.83,492.83
OI001380,O000920,P00050,2,341.63,683.26
OI001381,O001048,P00007,5,46.38,231.9
OI001382,O000893,P00070,5,65.62,328.1
OI001383,O001200,P00035,2,80.31,160.62
OI001384,O000237,P00073,2,80.49,160.98
OI001385,O001410,P00026,1,148.46,148.46
OI001386,O001452,P00060,1,127.62,127.62
OI001387,O000218,P00070,3,358.14,1074.42
OI001388,O000118,P00020,4,197.65,790.6
OI001389,O000157,P00082,3,117.14,351.42
OI001390,O001878,P00083,5,49.25,246.25
OI001391,O001850,P00043,1,475.61,475.61
OI001392,O000803,P00059,5,209.03,1045.15
OI001393,O000387,P00074,1,95.06,95.06
OI001394,O001531,P00062,2,67.13,134.26
OI001395,O000439,P00094,2,332.29,664.58
OI001396,O000735,P00061,4,31.31,125.24
OI001397,O000791,P00069,1,473.0,473.0
OI001398,O000185,P00019,4,485.43,1941.72
OI001399,O001655,P00083,2,160.2,320.4
OI001400,O001872,P00003,4,341.87,1367.48
OI001401,O001375,P00040,2,294.58,589.16
OI001402,O000065,P00019,2,115.25,230.5
OI001403,O001034,P00007,5,377.44,1887.2
OI001404,O001409,P00046,4,223.83,895.32
OI001405,O001560,P00047,1,188.83,188.83
OI001406,O000549,P00051,2,422.07,844.14
OI001407,O001808,P00045,1,212.01,212.01
OI001408,O001451,P00025,1,266.11,266.11
OI001409,O000466,P00018,5,344.18,1720.9
OI001410,O001618,P00019,1,192.61,192.61
OI001411,O000447,P00089,2,117.38,234.76
OI001412,O001564,P00030,4,444.63,1778.52
OI001413,O001799,P00027,3,165.53,496.59
OI001414,O000627,P00069,1,235.19,235.19
OI001415,O001488,P00097,1,57.59,57.59
OI001416,O001731,P00085,3,404.78,1214.34
OI001417,O001954,P00027,5,386.32,1931.6
OI001418,O000023,P00074,2,139.54,279.08
OI001419,O000960,P00013,2,367.5,735.0
OI001420,O001816,P00033,1,391.22,391.22
OI001421,O001389,P00028,1,229.54,229.54
OI001422,O000684,P00087,4,191.39,765.56
OI001423,O001376,P00007,5,478.36,2391.8
OI001424,O001868,P00054,1,172.63,172.63
OI001425,O000941,P00051,2,302.32,604.64
OI001426,O000842,P00062,5,215.06,1075.3
OI001427,O001623,P00020,5,294.75,1473.75
OI001428,O000578,P00059,5,206.36,1031.8
OI001429,O001109,P00010,1,442.19,442.19
OI001430,O000150,P00052,5,70.02,350.1
OI001431,O000444,P00053,1,276.11,276.11
OI001432,O000131,P00061,2,319.2,638.4
OI001433,O001467,P00014,3,224.34,673.02
OI001434,O000220,P00065,3,196.13,588.39
OI001435,O000499,P00016,2,411.81,823.62
OI001436,O001213,P00040,4,128.23,512.92
OI001437,O000510,P00046,1,34.26,34.26
OI001438,O000081,P00010,1,34.55,34.55
OI001439,O001878,P00046,1,437.72,437.72
OI001440,O000119,P00072,4,407.05,1628.2
OI001441,O000787,P00024,4,374.26,1497.04
OI001442,O000568,P00048,5,204.5,1022.5
OI001443,O000308,P00082,2,467.1,934.2
OI001444,O001905,P00009,4,160.54,642.16
OI001445,O001510,P00007,5,251.94,1259.7
OI001446,O001257,P00083,4,15.55,62.2
OI001447,O000567,P00013,2,72.48,144.96
OI001448,O000778,P00085,1,289.44,289.44
OI001449,O001218,P00002,5,467.65,2338.25
OI001450,O001648,P00049,3,33.93,101.79
OI001451,O000677,P00012,3,282.41,847.23
OI001452,O000542,P00013,5,345.75,1728.75
OI001453,O000089,P00031,2,63.99,127.98
OI001454,O001219,P00100,4,496.68,1986.72
OI001455,O000318,P00056,4,482.58,1930.32
OI001456,O000286,P00061,5,218.83,1094.15
OI001457,O000801,P00068,1,156.02,156.02
OI001458,O001232,P00039,3,10.09,30.27
OI001459,O000959,P00066,4,74.77,299.08
OI001460,O000311,P00042,4,91.52,366.08
OI001461,O001476,P00082,2,63.78,127.56
OI001462,O000377,P00071,1,325.22,325.22
OI001463,O001887,P00036,4,237.93,951.72
OI001464,O000739,P00092,5,227.63,1138.15
OI001465,O001053,P00050,2,462.77,925.54
OI001466,O000656,P00075,4,489.67,1958.68
OI001467,O001257,P00067,5,394.51,1972.55
OI001468,O001212,P00061,5,118.14,590.7
OI001469,O001615,P00027,2,412.7,825.4
OI001470,O000838,P00074,1,194.2,194.2
OI001471,O000782,P00048,4,84.92,339.68
OI001472,O001072,P00037,3,406.69,1220.07
OI001473,O001420,P00078,2,410.49,820.98
OI001474,O001815,P00005,1,95.41,95.41
OI001475,O000493,P00041,1,245.78,245.78
OI001476,O001137,P00035,1,198.41,198.41
OI001477,O000967,P00034,5,305.09,1525.45
OI001478,O001461,P00026,2,371.53,743.06
OI001479,O001153,P00011,1,63.39,63.39
OI001480,O000151,P00092,2,205.52,411.04
OI001481,O000331,P00025,3,407.66,1222.98
OI001482,O001933,P00072,1,341.36,341.36
OI001483,O000257,P00083,2,492.22,984.44
OI001484,O001319,P00077,2,307.05,614.1
OI001485,O001549,P00004,1,215.8,215.8
OI001486,O001586,P00037,5,136.2,681.0
OI001487,O001255,P00079,3,452.25,1356.75
OI001488,O000901,P00060,2,360.75,721.5
OI001489,O000224,P00075,2,314.0,628.0
OI001490,O000833,P00056,1,323.01,323.01
OI001491,O000434,P00034,1,325.63,325.63
OI001492,O001480,P00022,4,143.28,573.12
OI001493,O000617,P00043,3,425.8,1277.4
OI001494,O000692,P00018,1,13.18,13.18
OI001495,O000023,P00030,1,191.4,191.4
OI001496,O000344,P00014,1,144.8,144.8
OI001497,O000235,P00025,3,367.79,1103.37
OI001498,O000581,P00019,1,289.89,289.89
OI001499,O001211,P00075,2,24.01,48.02
OI001500,O001580,P00060,2,223.09,446.18
OI001501,O000017,P00099,4,190.85,763.4
OI001502,O000907,P00078,3,125.44,376.32
OI001503,O001851,P00012,1,335.91,335.91
OI001504,O000728,P00094,5,26.29,131.45
OI001505,O001010,P00080,5,34.26,171.3
OI001506,O001559,P00076,1,13.08,13.08
OI001507,O001487,P00059,4,372.69,1490.76
OI001508,O001020,P00009,3,94.26,282.78
OI001509,O001093,P00013,5,337.36,1686.8
OI001510,O001328,P00085,4,239.24,956.96
OI001511,O001467,P00012,4,327.47,1309.88
OI001512,O001223,P00061,2,173.21,346.42
OI001513,O001616,P00046,2,70.09,140.18
OI001514,O001972,P00010,2,467.94,935.88
OI001515,O000025,P00086,1,170.54,170.54
OI001516,O000032,P00081,5,90.51,452.55
OI001517,O000102,P00016,4,388.71,1554.84
OI001518,O000110,P00099,1,446.28,446.28
OI001519,O001943,P00097,5,254.35,1271.75
OI001520,O000084,P00070,3,112.68,338.04
OI001521,O000777,P00051,4,62.24,248.96
OI001522,O000764,P00062,2,358.57,717.14
OI001523,O001528,P00095,5,218.05,1090.25
OI001524,O000423,P00036,1,322.44,322.44
OI001525,O000529,P00025,3,413.25,1239.75
OI001526,O001119,P00065,4,244.66,978.64
OI001527,O000757,P00059,4,277.57,1110.28
OI001528,O000817,P00042,3,376.18,1128.54
OI001529,O000634,P00066,4,146.31,585.24
OI001530,O001661,P00021,4,480.72,1922.88
OI001531,O001835,P00039,3,313.0,939.0
OI001532,O000287,P00015,4,290.42,1161.68
OI001533,O000905,P00037,2,356.17,712.34
OI001534,O000913,P00064,2,37.07,74.14
OI001535,O001376,P00094,5,443.82,2219.1
OI001536,O001112,P00029,3,184.71,554.13
OI001537,O000080,P00054,2,169.2,338.4
OI001538,O000201,P00025,2,160.71,321.42
OI001539,O001612,P00026,1,43.46,43.46
OI001540,O001117,P00100,5,193.8,969.0
OI001541,O000059,P00034,5,59.85,299.25
OI001542,O001675,P00022,2,375.01,750.02
OI001543,O001686,P00079,1,37.17,37.17
OI001544,O000929,P00074,3,33.5,100.5
OI001545,O001962,P00019,4,445.44,1781.76
OI001546,O000550,P00074,5,408.39,2041.95
OI001547,O000526,P00063,4,32.09,128.36
OI001548,O001544,P00058,1,386.7,386.7
OI001549,O001935,P00068,2,298.09,596.18
OI001550,O001218,P00017,4,435.7,1742.8
OI001551,O001744,P00049,2,72.25,144.5
OI001552,O000925,P00002,2,408.58,817.16
OI001553,O000781,P00065,2,151.54,303.08
OI001554,O000074,P00080,2,101.16,202.32
OI001555,O000830,P00098,2,229.31,458.62
OI001556,O000140,P00050,3,469.54,1408.62
OI001557,O000014,P00067,2,119.36,238.72
OI001558,O001623,P00098,4,417.58,1670.32
OI001559,O001314,P00006,1,62.83,62.83
OI001560,O000207,P00070,2,431.97,863.94
OI001561,O000120,P00060,5,166.96,834.8
OI001562,O000503,P00072,3,280.66,841.98
OI001563,O001703,P00027,5,338.66,1693.3
OI001564,O001936,P00060,3,376.95,1130.85
OI001565,O001761,P00082,4,205.4,821.6
OI001566,O000453,P00085,3,407.31,1221.93
OI001567,O000171,P00001,5,19.25,96.25
OI001568,O001413,P00066,1,266.26,266.26
OI001569,O000306,P00028,2,16.22,32.44
OI001570,O001449,P00012,3,200.4,601.2
OI001571,O001028,P00028,4,403.41,1613.64
OI001572,O000424,P00047,1,73.67,73.67
OI001573,O000791,P00034,1,80.11,80.11
OI001574,O001633,P00024,1,130.85,130.85
OI001575,O001856,P00065,3,235.93,707.79
OI001576,O000130,P00044,5,438.86,2194.3
OI001577,O000824,P00022,2,313.21,626.42
OI001578,O001704,P00023,4,95.6,382.4
OI001579,O001574,P00086,1,32.07,32.07
OI001580,O001500,P00039,4,161.02,644.08
OI001581,O000388,P00074,2,246.66,493.32
OI001582,O000210,P00018,4,127.81,511.24
OI001583,O000365,P00056,4,402.89,1611.56
OI001584,O000384,P00060,3,409.35,1228.05
OI001585,O000653,P00070,3,400.65,1201.95
OI001586,O000784,P00022,1,106.19,106.19
OI001587,O000631,P00047,3,139.69,419.07
OI001588,O000426,P00031,2,85.85,171.7
OI001589,O001885,P00050,4,467.93,1871.72
OI001590,O001623,P00024,5,32.31,161.55
OI001591,O000349,P00061,3,105.71,317.13
OI001592,O001911,P00028,5,34.15,170.75
OI001593,O000569,P00002,2,109.32,218.64
OI001594,O000537,P00035,1,38.18,38.18
OI001595,O001921,P00076,2,63.93,127.86
OI001596,O001117,P00057,4,169.45,677.8
OI001597,O001691,P00092,4,24.59,98.36
OI001598,O001903,P00073,3,484.45,1453.35
OI001599,O001895,P00035,2,331.45,662.9
OI001600,O000339,P00019,3,403.92,1211.76
OI001601,O001103,P00033,5,42.64,213.2
OI001602,O000979,P00055,1,359.45,359.45
OI001603,O001792,P00034,5,455.73,2278.65
OI001604,O000304,P00097,5,177.55,887.75
OI001605,O000283,P00053,1,55.38,55.38
OI001606,O001270,P00097,4,290.56,1162.24
OI001607,O000962,P00034,3,126.46,379.38
OI001608,O001898,P00039,3,365.06,1095.18
OI001609,O000579,P00053,5,332.82,1664.1
OI001610,O001025,P00005,2,232.27,464.54
OI001611,O000041,P00100,2,422.34,844.68
OI001612,O001803,P00087,2,46.75,93.5
OI001613,O001492,P00049,2,276.5,553.0
OI001614,O000322,P00083,1,224.17,224.17
OI001615,O000897,P00026,2,75.13,150.26
OI001616,O001330,P00097,2,259.62,519.24
OI001617,O000802,P00054,4,395.69,1582.76
OI001618,O001458,P00065,1,468.82,468.82
OI001619,O000532,P00086,4,236.26,945.04
OI001620,O001216,P00018,3,79.48,238.44
OI001621,O000959,P00088,4,493.76,1975.04
OI001622,O001441,P00039,4,424.25,1697.0
OI001623,O000336,P00074,1,109.83,109.83
OI001624,O000308,P00061,5,355.18,1775.9
OI001625,O001676,P00034,2,362.64,725.28
OI001626,O001240,P00033,4,118.91,475.64
OI001627,O000487,P00025,5,217.23,1086.15
OI001628,O000301,P00010,2,311.65,623.3
OI001629,O000629,P00004,5,288.22,1441.1
OI001630,O001638,P00099,1,423.35,423.35
OI001631,O000578,P00080,2,260.93,521.86
OI001632,O001798,P00052,3,219.45,658.35
OI001633,O001078,P00005,4,481.62,1926.48
OI001634,O000864,P00026,3,35.61,106.83
OI001635,O000499,P00049,2,439.14,878.28
OI001636,O000857,P00074,3,259.13,777.39
OI001637,O001830,P00094,2,154.75,309.5
OI001638,O001561,P00032,1,306.68,306.68
OI001639,O001600,P00046,2,49.45,98.9
OI001640,O001373,P00013,4,463.91,1855.64
OI001641,O000707,P00020,3,79.53,238.59
OI001642,O001962,P00013,1,319.77,319.77
OI001643,O001351,P00030,5,221.29,1106.45
OI001644,O000580,P00007,3,290.73,872.19
OI001645,O001853,P00007,3,190.55,571.65
OI001646,O000286,P00082,4,300.48,1201.92
OI001647,O000997,P00017,1,439.11,439.11
OI001648,O001379,P00044,4,26.49,105.96
OI001649,O000296,P00068,3,131.69,395.07
OI001650,O000582,P00062,2,58.55,117.1
OI001651,O000630,P00021,5,497.29,2486.45
OI001652,O001596,P00044,4,250.37,1001.48
OI001653,O001619,P00043,5,359.53,1797.65
OI001654,O000696,P00081,5,272.85,1364.25
OI001655,O000993,P00082,2,398.05,796.1
OI001656,O000644,P00004,3,71.69,215.07
OI001657,O000540,P00027,3,344.4,1033.2
OI001658,O001550,P00057,3,485.17,1455.51
OI001659,O000307,P00039,3,133.19,399.57
OI001660,O001811,P00010,2,453.25,906.5
OI001661,O000548,P00064,3,383.95,1151.85
OI001662,O001335,P00089,1,110.91,110.91
OI001663,O001136,P00010,2,442.02,884.04
OI001664,O000230,P00065,1,191.83,191.83
OI001665,O001547,P00013,4,231.2,924.8
OI001666,O001830,P00086,1,175.71,175.71
OI001667,O001974,P00003,1,173.77,173.77
OI001668,O000733,P00084,4,375.07,1500.28
OI001669,O000546,P00090,5,194.53,972.65
OI001670,O000929,P00057,4,152.0,608.0
OI001671,O000172,P00072,5,61.28,306.4
OI001672,O000069,P00030,4,18.58,74.32
OI001673,O000613,P00039,2,396.43,792.86
OI001674,O000242,P00078,3,94.02,282.06
OI001675,O001629,P00079,3,460.39,1381.17
OI001676,O000613,P00014,1,462.26,462.26
OI001677,O000570,P00010,2,358.79,717.58
OI001678,O000467,P00018,5,467.68,2338.4
OI001679,O001169,P00058,2,340.65,681.3
OI001680,O001796,P00086,3,463.46,1390.38
OI001681,O001080,P00020,3,382.37,1147.11
OI001682,O000115,P00087,4,270.92,1083.68
OI001683,O000440,P00046,4,292.47,1169.88
OI001684,O001373,P00049,4,485.96,1943.84
OI001685,O000263,P00018,5,87.0,435.0
OI001686,O001390,P00051,4,477.36,1909.44
OI001687,O000408,P00036,1,214.19,214.19
OI001688,O001255,P00020,5,479.19,2395.95
OI001689,O001883,P00031,1,252.23,252.23
OI001690,O001286,P00011,2,122.42,244.84
OI001691,O001912,P00089,4,326.06,1304.24
OI001692,O001785,P00012,4,129.43,517.72
OI001693,O000762,P00034,4,177.23,708.92
OI001694,O000265,P00046,1,166.24,166.24
OI001695,O000880,P00003,5,61.19,305.95
OI001696,O001316,P00099,2,66.64,133.28
OI001697,O000469,P00031,4,404.6,1618.4
OI001698,O001406,P00076,2,53.07,106.14
OI001699,O000561,P00057,1,399.41,399.41
OI001700,O001708,P00024,5,301.51,1507.55
OI001701,O000057,P00017,2,151.39,302.78
OI001702,O001013,P00039,3,131.31,393.93
OI001703,O000388,P00055,3,312.95,938.85
OI001704,O000188,P00052,2,436.75,873.5
OI001705,O001571,P00005,2,408.75,817.5
OI001706,O000882,P00062,4,415.96,1663.84
OI001707,O001680,P00004,4,295.16,1180.64
OI001708,O001153,P00007,2,251.52,503.04
OI001709,O001916,P00042,2,12.69,25.38
OI001710,O000221,P00028,3,363.81,1091.43
OI001711,O001031,P00076,4,418.01,1672.04
OI001712,O001132,P00075,3,323.36,970.08
OI001713,O000763,P00029,4,467.08,1868.32
OI001714,O001749,P00055,1,278.56,278.56
OI001715,O000880,P00007,1,405.79,405.79
OI001716,O001502,P00071,1,213.79,213.79
OI001717,O000169,P00085,5,194.62,973.1
OI001718,O001804,P00083,5,336.6,1683.0
OI001719,O001152,P00031,1,482.77,482.77
OI001720,O000033,P00033,2,207.61,415.22
OI001721,O000008,P00003,4,334.84,1339.36
OI001722,O001058,P00062,2,470.33,940.66
OI001723,O001891,P00037,1,96.67,96.67
OI001724,O001130,P00053,4,449.41,1797.64
OI001725,O001411,P00012,1,49.01,49.01
OI001726,O000280,P00024,4,398.21,1592.84
OI001727,O000781,P00061,2,56.97,113.94
OI001728,O000978,P00002,4,294.07,1176.28
OI001729,O001475,P00024,2,460.38,920.76
OI001730,O001726,P00084,4,475.74,1902.96
OI001731,O000848,P00092,2,116.0,232.0
OI001732,O000902,P00083,3,364.26,1092.78
OI001733,O001213,P00040,4,313.79,1255.16
OI001734,O001870,P00054,2,352.9,705.8
OI001735,O000256,P00084,1,143.63,143.63
OI001736,O001120,P00087,5,141.52,707.6
OI001737,O000856,P00048,5,269.24,1346.2
OI001738,O001487,P00063,3,472.91,1418.73
OI001739,O000048,P00006,2,15.48,30.96
OI001740,O001358,P00012,4,193.87,775.48
OI001741,O001509,P00077,3,253.68,761.04
OI001742,O000607,P00059,3,179.09,537.27
OI001743,O001101,P00044,1,302.16,302.16
OI001744,O001459,P00087,3,468.36,1405.08
OI001745,O000614,P00085,5,271.18,1355.9
OI001746,O001106,P00045,3,175.7,527.1
OI001747,O000869,P00100,5,352.38,1761.9
OI001748,O001309,P00094,2,308.07,616.14
OI001749,O001772,P00087,4,60.14,240.56
OI001750,O000016,P00008,5,121.59,607.95
OI001751,O000234,P00039,2,314.73,629.46
OI001752,O000970,P00099,2,492.99,985.98
OI001753,O000560,P00083,4,369.38,1477.52
OI001754,O000308,P00044,2,95.52,191.04
OI001755,O001780,P00037,3,101.43,304.29
OI001756,O001470,P00014,4,61.1,244.4
OI001757,O000152,P00003,4,492.76,1971.04
OI001758,O001169,P00028,2,98.73,197.46
OI001759,O001478,P00100,5,367.08,1835.4
OI001760,O001489,P00069,2,420.04,840.08
OI001761,O000111,P00009,2,165.35,330.7
OI001762,O000934,P00017,3,68.4,205.2
OI001763,O001247,P00030,2,499.24,998.48
OI001764,O001195,P00055,1,497.94,497.94
OI001765,O000106,P00027,3,399.91,1199.73
OI001766,O000406,P00025,3,459.39,1378.17
OI001767,O000685,P00054,3,185.56,556.68
OI001768,O001062,P00018,5,182.86,914.3
OI001769,O000899,P00085,3,119.31,357.93
OI001770,O001736,P00038,4,455.96,1823.84
OI001771,O000591,P00030,2,22.25,44.5
OI001772,O001396,P00037,5,220.55,1102.75
OI001773,O001798,P00007,3,199.13,597.39
OI001774,O000489,P00097,4,284.4,1137.6
OI001775,O000291,P00009,4,44.27,177.08
OI001776,O000200,P00068,3,406.84,1220.52
OI001777,O000363,P00041,1,425.23,425.23
OI001778,O001455,P00072,2,139.14,278.28
OI001779,O001910,P00100,5,14.67,73.35
OI001780,O000379,P00051,3,130.03,390.09
OI001781,O000774,P00098,4,388.79,1555.16
OI001782,O000645,P00002,5,43.46,217.3
OI001783,O001999,P00050,1,388.45,388.45
OI001784,O001445,P00036,5,23.44,117.2
OI001785,O000007,P00090,5,459.0,2295.0
OI001786,O000286,P00036,1,211.99,211.99
OI001787,O001568,P00009,2,63.88,127.76
OI001788,O001131,P00003,3,403.53,1210.59
OI001789,O000116,P00016,1,327.6,327.6
OI001790,O001255,P00016,5,348.77,1743.85
OI001791,O001639,P00068,3,239.04,717.12
OI001792,O001937,P00042,5,455.44,2277.2
OI001793,O001790,P00057,3,143.51,430.53
OI001794,O000672,P00064,4,249.73,998.92
OI001795,O001382,P00008,3,272.52,817.56
OI001796,O001893,P00002,3,137.1,411.3
OI001797,O001012,P00097,5,220.39,1101.95
OI001798,O000010,P00093,4,458.43,1833.72
OI001799,O001520,P00035,1,319.65,319.65
OI001800,O001780,P00012,2,399.24,798.48
OI001801,O001859,P00051,5,247.28,1236.4
OI001802,O001781,P00069,2,323.29,646.58
OI001803,O000802,P00012,1,31.14,31.14
OI001804,O000824,P00030,4,185.37,741.48
OI001805,O000036,P00096,2,430.67,861.34
OI001806,O000248,P00089,4,237.35,949.4
OI001807,O001858,P00045,3,178.29,534.87
OI001808,O000185,P00007,2,309.3,618.6
OI001809,O001917,P00092,3,394.19,1182.57
OI001810,O000838,P00097,4,315.86,1263.44
OI001811,O000948,P00009,2,381.95,763.9
OI001812,O001314,P00033,4,224.99,899.96
OI001813,O001465,P00020,4,476.1,1904.4
OI001814,O001510,P00053,5,376.28,1881.4
OI001815,O001798,P00029,2,430.77,861.54
OI001816,O001542,P00008,3,311.91,935.73
OI001817,O001507,P00036,4,213.35,853.4
OI001818,O000081,P00043,5,305.09,1525.45
OI001819,O000096,P00078,5,223.6,1118.0
OI001820,O001567,P00079,3,31.3,93.9
OI001821,O001227,P00054,2,455.68,911.36
OI001822,O000793,P00068,5,435.24,2176.2
OI001823,O000826,P00025,3,193.62,580.86
OI001824,O000919,P00079,3,408.53,1225.59
OI001825,O001501,P00058,1,135.23,135.23
OI001826,O001779,P00027,4,114.13,456.52
OI001827,O000755,P00067,4,242.36,969.44
OI001828,O001080,P00094,5,370.71,1853.55
OI001829,O000335,P00083,2,289.22,578.44
OI001830,O001095,P00065,1,345.81,345.81
OI001831,O001728,P00008,1,281.64,281.64
OI001832,O001941,P00049,5,346.44,1732.2
OI001833,O001056,P00075,4,10.92,43.68
OI001834,O000761,P00036,1,297.07,297.07
OI001835,O001372,P00019,5,101.06,505.3
OI001836,O000310,P00089,2,278.12,556.24
OI001837,O001474,P00015,3,41.01,123.03
OI001838,O000497,P00065,1,73.09,73.09
OI001839,O001801,P00040,5,308.9,1544.5
OI001840,O000008,P00100,2,52.73,105.46
OI001841,O000862,P00061,2,117.55,235.1
OI001842,O001160,P00063,5,339.12,1695.6
OI001843,O000125,P00071,3,170.63,511.89
OI001844,O000003,P00038,3,40.28,120.84
OI001845,O000208,P00064,2,66.99,133.98
OI001846,O000513,P00059,3,293.93,881.79
OI001847,O001256,P00012,3,178.68,536.04
OI001848,O001831,P00086,1,494.05,494.05
OI001849,O000945,P00085,1,461.16,461.16
OI001850,O001417,P00016,5,174.42,872.1
OI001851,O000641,P00010,3,319.56,958.68
OI001852,O001876,P00030,1,398.54,398.54
OI001853,O001368,P00041,5,66.56,332.8
OI001854,O001442,P00036,2,37.1,74.2
OI001855,O001290,P00030,1,340.02,340.02
OI001856,O000413,P00091,3,489.98,1469.94
OI001857,O001806,P00003,4,386.4,1545.6
OI001858,O000893,P00001,5,492.71,2463.55
OI001859,O001002,P00059,4,402.74,1610.96
OI001860,O000628,P00069,5,328.86,1644.3
OI001861,O000233,P00088,3,297.63,892.89
OI001862,O000153,P00091,4,493.69,1974.76
OI001863,O000177,P00039,1,358.79,358.79
OI001864,O001950,P00017,4,224.26,897.04
OI001865,O000826,P00078,1,303.32,303.32
OI001866,O000542,P00039,1,497.21,497.21
OI001867,O000556,P00039,2,397.6,795.2
OI001868,O000860,P00026,3,320.65,961.95
OI001869,O000413,P00027,3,154.1,462.3
OI001870,O000074,P00012,2,267.13,534.26
OI001871,O000739,P00076,3,341.7,1025.1
OI001872,O000556,P00020,1,478.1,478.1
OI001873,O001383,P00017,1,339.52,339.52
OI001874,O001166,P00001,1,129.19,129.19
OI001875,O001894,P00021,2,42.53,85.06
OI001876,O000151,P00072,3,38.62,115.86
OI001877,O000998,P00037,2,188.43,376.86
OI001878,O001889,P00092,1,449.5,449.5
OI001879,O000695,P00076,2,413.02,826.04
OI001880,O001734,P00009,3,229.58,688.74
OI001881,O001022,P00046,4,444.72,1778.88
OI001882,O000720,P00090,3,212.21,636.63
OI001883,O000579,P00064,4,131.43,525.72
OI001884,O001290,P00049,1,115.81,115.81
OI001885,O000664,P00027,4,485.27,1941.08
OI001886,O000397,P00021,4,271.06,1084.24
OI001887,O000594,P00080,3,357.06,1071.18
OI001888,O001803,P00035,5,267.72,1338.6
OI001889,O001563,P00083,2,336.7,673.4
OI001890,O001538,P00022,2,452.73,905.46
OI001891,O000469,P00071,1,252.43,252.43
OI001892,O000487,P00090,3,115.33,345.99
OI001893,O001142,P00030,4,143.13,572.52
OI001894,O000126,P00036,2,102.52,205.04
OI001895,O001759,P00074,1,487.94,487.94
OI001896,O001921,P00079,1,326.26,326.26
OI001897,O000395,P00031,3,213.28,639.84
OI001898,O000741,P00015,5,452.2,2261.0
OI001899,O001776,P00040,4,259.16,1036.64
OI001900,O001764,P00049,2,113.01,226.02
OI001901,O000533,P00086,3,370.98,1112.94
OI001902,O001931,P00019,2,324.54,649.08
OI001903,O001768,P00014,2,462.09,924.18
OI001904,O001952,P00024,5,375.08,1875.4
OI001905,O001642,P00083,2,401.78,803.56
OI001906,O001234,P00037,4,22.47,89.88
OI001907,O001502,P00015,2,383.83,767.66
OI001908,O000411,P00028,1,201.51,201.51
OI001909,O000756,P00030,1,263.07,263.07
OI001910,O001478,P00009,3,289.32,867.96
OI001911,O001213,P00045,4,11.4,45.6
OI001912,O001919,P00080,2,327.17,654.34
OI001913,O000077,P00069,4,113.89,455.56
OI001914,O001592,P00064,2,229.55,459.1
OI001915,O000143,P00065,2,320.91,641.82
OI001916,O000287,P00029,1,26.59,26.59
OI001917,O000175,P00053,4,319.07,1276.28
OI001918,O000716,P00076,1,78.62,78.62
OI001919,O001362,P00088,3,355.67,1067.01
OI001920,O000150,P00040,3,247.05,741.15
OI001921,O000970,P00025,1,68.75,68.75
OI001922,O000455,P00085,3,33.22,99.66
OI001923,O000795,P00074,5,244.13,1220.65
OI001924,O000467,P00061,4,232.63,930.52
OI001925,O001285,P00068,5,382.48,1912.4
OI001926,O001617,P00057,2,470.51,941.02
OI001927,O001695,P00008,3,162.94,488.82
OI001928,O001293,P00060,5,95.98,479.9
OI001929,O000252,P00081,1,483.31,483.31
OI001930,O001322,P00063,4,139.1,556.4
OI001931,O000422,P00026,2,148.18,296.36
OI001932,O000717,P00075,2,83.6,167.2
OI001933,O001053,P00080,3,271.3,813.9
OI001934,O000280,P00089,5,273.5,1367.5
OI001935,O001053,P00029,1,403.21,403.21
OI001936,O000763,P00056,3,254.93,764.79
OI001937,O000810,P00034,3,30.09,90.27
OI001938,O001746,P00055,5,487.12,2435.6
OI001939,O001288,P00029,4,316.23,1264.92
OI001940,O001281,P00011,2,381.17,762.34
OI001941,O001236,P00088,4,46.62,186.48
OI001942,O001980,P00073,5,407.44,2037.2
OI001943,O001303,P00012,5,330.03,1650.15
OI001944,O000873,P00075,3,99.81,299.43
OI001945,O001734,P00030,3,402.51,1207.53
OI001946,O000132,P00091,2,323.5,647.0
OI001947,O001845,P00054,3,446.39,1339.17
OI001948,O000308,P00065,2,415.68,831.36
OI001949,O000726,P00090,2,469.05,938.1
OI001950,O001610,P00100,2,273.85,547.7
OI001951,O000543,P00021,3,363.55,1090.65
OI001952,O000398,P00064,4,186.67,746.68
OI001953,O000158,P00068,1,197.59,197.59
OI001954,O000852,P00013,1,96.14,96.14
OI001955,O001492,P00077,4,463.14,1852.56
OI001956,O001120,P00035,2,193.53,387.06
OI001957,O000116,P00093,4,458.4,1833.6
OI001958,O001818,P00077,5,222.38,1111.9
OI001959,O000463,P00045,4,328.33,1313.32
OI001960,O001456,P00099,2,139.46,278.92
OI001961,O000126,P00015,4,31.63,126.52
OI001962,O000146,P00030,3,72.65,217.95
OI001963,O001582,P00026,3,158.54,475.62
OI001964,O000556,P00070,1,443.18,443.18
OI001965,O000787,P00021,4,479.78,1919.12
OI001966,O001050,P00024,5,150.18,750.9
OI001967,O001669,P00019,5,407.1,2035.5
OI001968,O000377,P00016,4,287.8,1151.2
OI001969,O001878,P00046,5,484.36,2421.8
OI001970,O001808,P00080,1,419.53,419.53
OI001971,O000191,P00051,3,196.52,589.56
OI001972,O001036,P00067,2,29.95,59.9
OI001973,O000351,P00012,2,261.49,522.98
OI001974,O001960,P00057,2,187.35,374.7
OI001975,O001114,P00038,5,172.41,862.05
OI001976,O001088,P00046,3,441.25,1323.75
OI001977,O001558,P00071,4,482.05,1928.2
OI001978,O000178,P00026,2,211.81,423.62
OI001979,O001030,P00048,2,368.77,737.54
OI001980,O000382,P00031,3,175.61,526.83
OI001981,O000002,P00010,4,81.72,326.88
OI001982,O000507,P00018,5,17.82,89.1
OI001983,O001076,P00071,3,242.62,727.86
OI001984,O000032,P00001,3,98.76,296.28
OI001985,O001454,P00085,2,54.46,108.92
OI001986,O000877,P00098,2,484.27,968.54
OI001987,O001672,P00070,1,78.2,78.2
OI001988,O001859,P00048,4,57.46,229.84
OI001989,O000696,P00038,2,283.42,566.84
OI001990,O000133,P00080,4,260.45,1041.8
OI001991,O001576,P00058,2,91.54,183.08
OI001992,O000894,P00008,1,305.71,305.71
OI001993,O000258,P00074,2,165.8,331.6
OI001994,O001883,P00045,2,488.76,977.52
OI001995,O000880,P00063,3,162.63,487.89
OI001996,O000517,P00058,2,27.3,54.6
OI001997,O001520,P00077,5,208.73,1043.65
OI001998,O000537,P00020,1,459.12,459.12
OI001999,O001048,P00090,1,101.72,101.72
OI002000,O000010,P00006,1,471.53,471.53
OI002001,O000903,P00081,4,146.25,585.0
OI002002,O001665,P00082,3,397.83,1193.49
OI002003,O000211,P00004,1,357.95,357.95
OI002004,O001068,P00033,5,294.16,1470.8
OI002005,O001832,P00003,4,408.19,1632.76
OI002006,O001322,P00094,4,137.25,549.0
OI002007,O001359,P00009,5,482.03,2410.15
OI002008,O001006,P00065,4,499.65,1998.6
OI002009,O000497,P00083,4,440.97,1763.88
OI002010,O000204,P00074,5,289.82,1449.1
OI002011,O000522,P00023,3,167.96,503.88
OI002012,O001316,P00059,2,380.75,761.5
OI002013,O000979,P00022,3,81.65,244.95
OI002014,O001176,P00054,4,258.72,1034.88
OI002015,O000248,P00043,5,304.03,1520.15
OI002016,O000310,P00098,5,81.99,409.95
OI002017,O000600,P00052,5,123.03,615.15
OI002018,O000421,P00024,1,104.15,104.15
OI002019,O001453,P00072,3,247.87,743.61
OI002020,O000752,P00069,5,150.59,752.95
OI002021,O001130,P00084,4,415.12,1660.48
OI002022,O001876,P00080,5,224.37,1121.85
OI002023,O001476,P00005,5,162.17,810.85
OI002024,O000957,P00045,1,336.47,336.47
OI002025,O000072,P00079,1,119.68,119.68
OI002026,O000843,P00024,5,67.34,336.7
OI002027,O001287,P00028,3,42.32,126.96
OI002028,O001759,P00094,3,53.85,161.55
OI002029,O000874,P00088,4,386.53,1546.12
OI002030,O000062,P00076,3,187.49,562.47
OI002031,O001417,P00080,4,303.17,1212.68
OI002032,O000256,P00036,2,103.06,206.12
OI002033,O001285,P00027,3,490.77,1472.31
OI002034,O001486,P00051,4,485.37,1941.48
OI002035,O001850,P00033,2,397.26,794.52
OI002036,O000681,P00028,2,263.91,527.82
OI002037,O000794,P00023,4,454.46,1817.84
OI002038,O000943,P00016,3,45.05,135.15
OI002039,O001437,P00064,4,203.71,814.84
OI002040,O000015,P00083,5,173.88,869.4
OI002041,O000001,P00078,1,399.39,399.39
OI002042,O000718,P00068,4,271.69,1086.76
OI002043,O000867,P00093,3,53.62,160.86
OI002044,O000701,P00051,4,249.11,996.44
OI002045,O001852,P00090,5,490.63,2453.15
OI002046,O001450,P00019,2,424.71,849.42
OI002047,O000712,P00061,4,359.82,1439.28
OI002048,O000120,P00043,3,282.92,848.76
OI002049,O001920,P00052,4,124.72,498.88
OI002050,O000417,P00095,4,182.2,728.8
OI002051,O001661,P00028,4,409.23,1636.92
OI002052,O000059,P00026,2,212.13,424.26
OI002053,O000474,P00013,4,411.72,1646.88
OI002054,O001663,P00060,3,148.79,446.37
OI002055,O000174,P00077,5,496.58,2482.9
OI002056,O000966,P00029,2,197.94,395.88
OI002057,O000862,P00001,4,464.89,1859.56
OI002058,O001662,P00040,3,365.54,1096.62
OI002059,O001592,P00088,3,33.9,101.7
OI002060,O000101,P00067,5,413.16,2065.8
OI002061,O000425,P00082,2,216.94,433.88
OI002062,O001208,P00037,5,72.11,360.55
OI002063,O001130,P00070,3,274.27,822.81
OI002064,O001255,P00050,1,359.88,359.88
OI002065,O001308,P00088,2,399.53,799.06
OI002066,O000920,P00049,5,444.6,2223.0
OI002067,O000141,P00097,2,43.0,86.0
OI002068,O001837,P00042,5,29.02,145.1
OI002069,O001212,P00052,3,278.36,835.08
OI002070,O001036,P00051,2,350.69,701.38
OI002071,O000314,P00084,1,320.82,320.82
OI002072,O001007,P00059,5,12.24,61.2
OI002073,O001314,P00020,2,446.15,892.3
OI002074,O000916,P00045,1,205.28,205.28
OI002075,O001406,P00010,2,121.32,242.64
OI002076,O001506,P00009,3,191.88,575.64
OI002077,O000426,P00006,1,195.84,195.84
OI002078,O000058,P00094,1,88.35,88.35
OI002079,O000241,P00026,4,210.12,840.48
OI002080,O001498,P00033,1,255.36,255.36
OI002081,O001562,P00004,4,149.94,599.76
OI002082,O000021,P00029,4,232.25,929.0
OI002083,O000700,P00012,1,272.79,272.79
OI002084,O001787,P00028,3,33.82,101.46
OI002085,O001761,P00068,1,467.32,467.32
OI002086,O001884,P00076,3,450.18,1350.54
OI002087,O001030,P00064,4,54.23,216.92
OI002088,O001991,P00084,2,145.3,290.6
OI002089,O001119,P00019,5,298.77,1493.85
OI002090,O000880,P00022,3,473.96,1421.88
OI002091,O001678,P00080,2,272.42,544.84
OI002092,O001264,P00003,2,372.36,744.72
OI002093,O001403,P00062,1,287.14,287.14
OI002094,O001972,P00059,5,449.38,2246.9
OI002095,O000475,P00071,3,10.01,30.03
OI002096,O001320,P00018,5,42.55,212.75
OI002097,O001429,P00004,4,261.02,1044.08
OI002098,O000120,P00047,1,221.0,221.0
OI002099,O001889,P00035,2,300.94,601.88
OI002100,O001072,P00064,2,130.23,260.46
OI002101,O001920,P00017,4,397.53,1590.12
OI002102,O000777,P00061,1,159.38,159.38
OI002103,O001145,P00031,1,245.43,245.43
OI002104,O001146,P00084,4,276.52,1106.08
OI002105,O000662,P00067,3,426.66,1279.98
OI002106,O001832,P00065,2,154.97,309.94
OI002107,O000372,P00041,5,188.47,942.35
OI002108,O001494,P00054,1,113.75,113.75
OI002109,O000415,P00048,2,179.68,359.36
OI002110,O001912,P00075,2,485.11,970.22
OI002111,O000640,P00033,5,48.23,241.15
OI002112,O001782,P00072,3,53.04,159.12
OI002113,O000646,P00064,3,487.34,1462.02
OI002114,O001855,P00048,3,188.04,564.12
OI002115,O000004,P00091,5,325.74,1628.7
OI002116,O001774,P00001,3,64.34,193.02
OI002117,O000718,P00091,3,484.85,1454.55
OI002118,O001459,P00002,3,348.3,1044.9
OI002119,O000424,P00044,5,211.38,1056.9
OI002120,O001231,P00050,2,251.11,502.22
OI002121,O000850,P00068,5,478.28,2391.4
OI002122,O000005,P00038,3,64.32,192.96
OI002123,O000118,P00073,1,153.95,153.95
OI002124,O001304,P00010,3,198.64,595.92
OI002125,O000471,P00003,1,268.97,268.97
OI002126,O000066,P00034,3,176.91,530.73
OI002127,O001417,P00095,3,371.5,1114.5
OI002128,O001336,P00019,2,139.06,278.12
OI002129,O000309,P00096,1,372.47,372.47
OI002130,O000171,P00073,2,379.15,758.3
OI002131,O001100,P00025,5,34.54,172.7
OI002132,O001377,P00044,2,53.89,107.78
OI002133,O000364,P00073,5,16.09,80.45
OI002134,O001756,P00043,4,54.7,218.8
OI002135,O001869,P00036,1,312.32,312.32
OI002136,O000880,P00013,5,104.48,522.4
OI002137,O000275,P00055,3,202.0,606.0
OI002138,O001539,P00011,1,412.94,412.94
OI002139,O000590,P00005,3,206.77,620.31
OI002140,O001304,P00006,1,359.79,359.79
OI002141,O000908,P00040,2,406.5,813.0
OI002142,O001333,P00074,3,342.08,1026.24
OI002143,O001610,P00078,2,428.29,856.58
OI002144,O000106,P00081,4,457.14,1828.56
OI002145,O001165,P00003,1,254.05,254.05
OI002146,O001245,P00020,2,364.47,728.94
OI002147,O000553,P00046,2,224.5,449.0
OI002148,O000036,P00004,1,302.66,302.66
OI002149,O000083,P00007,5,40.84,204.2
OI002150,O000108,P00031,4,83.97,335.88
OI002151,O001748,P00040,5,224.82,1124.1
OI002152,O000017,P00082,3,206.81,620.43
OI002153,O001931,P00092,5,178.75,893.75
OI002154,O001133,P00001,5,451.2,2256.0
OI002155,O000920,P00043,1,289.11,289.11
OI002156,O000883,P00061,5,366.56,1832.8
OI002157,O001192,P00020,3,268.37,805.11
OI002158,O000409,P00002,5,127.5,637.5
OI002159,O000134,P00049,2,133.56,267.12
OI002160,O000848,P00089,3,482.83,1448.49
OI002161,O000954,P00092,2,237.51,475.02
OI002162,O000006,P00058,2,398.72,797.44
OI002163,O001004,P00033,2,163.7,327.4
OI002164,O001122,P00053,5,247.97,1239.85
OI002165,O000283,P00017,1,457.11,457.11
OI002166,O000622,P00082,2,370.39,740.78
OI002167,O001966,P00099,4,383.46,1533.84
OI002168,O001838,P00069,3,340.31,1020.93
OI002169,O001686,P00060,4,94.49,377.96
OI002170,O000876,P00033,2,389.13,778.26
OI002171,O000999,P00096,5,421.23,2106.15
OI002172,O000137,P00028,3,230.32,690.96
OI002173,O000969,P00004,5,190.65,953.25
OI002174,O001449,P00025,2,34.06,68.12
OI002175,O000402,P00090,5,188.91,944.55
OI002176,O000759,P00066,5,436.64,2183.2
OI002177,O001267,P00069,4,80.82,323.28
OI002178,O000004,P00028,4,484.64,1938.56
OI002179,O001248,P00032,3,139.61,418.83
OI002180,O001613,P00001,4,33.22,132.88
OI002181,O001950,P00077,3,299.68,899.04
OI002182,O001341,P00046,3,290.38,871.14
OI002183,O000272,P00043,5,489.01,2445.05
OI002184,O000630,P00060,4,312.37,1249.48
OI002185,O001708,P00032,4,225.85,903.4
OI002186,O000972,P00020,2,110.64,221.28
OI002187,O001873,P00066,1,472.97,472.97
OI002188,O001619,P00064,5,497.16,2485.8
OI002189,O001955,P00044,5,48.4,242.0
OI002190,O001733,P00047,4,127.09,508.36
OI002191,O000158,P00058,2,113.65,227.3
OI002192,O001691,P00066,2,225.72,451.44
OI002193,O001344,P00077,4,162.46,649.84
OI002194,O000115,P00003,5,115.43,577.15
OI002195,O000169,P00050,2,460.47,920.94
OI002196,O001655,P00093,3,200.65,601.95
OI002197,O000381,P00078,4,60.41,241.64
OI002198,O001499,P00030,5,224.28,1121.4
OI002199,O001880,P00053,1,264.02,264.02
OI002200,O000145,P00042,3,247.79,743.37
OI002201,O001541,P00063,3,138.91,416.73
OI002202,O001655,P00005,3,447.01,1341.03
OI002203,O000925,P00004,4,495.98,1983.92
OI002204,O001008,P00058,2,309.5,619.0
OI002205,O000537,P00099,2,186.35,372.7
OI002206,O000992,P00025,2,479.55,959.1
OI002207,O001715,P00006,1,88.72,88.72
OI002208,O000104,P00079,3,336.34,1009.02
OI002209,O001027,P00036,5,283.98,1419.9
OI002210,O000918,P00042,3,389.04,1167.12
OI002211,O000171,P00030,3,63.06,189.18
OI002212,O000504,P00054,3,498.1,1494.3
OI002213,O001759,P00087,1,392.0,392.0
OI002214,O001493,P00028,3,103.09,309.27
OI002215,O000135,P00009,5,396.82,1984.1
OI002216,O001180,P00051,2,289.65,579.3
OI002217,O000459,P00018,3,218.44,655.32
OI002218,O000830,P00091,3,475.34,1426.02
OI002219,O001074,P00043,1,118.67,118.67
OI002220,O001695,P00080,5,263.13,1315.65
OI002221,O001750,P00086,5,60.8,304.0
OI002222,O001613,P00049,2,218.33,436.66
OI002223,O001689,P00039,3,336.64,1009.92
OI002224,O000438,P00079,3,433.85,1301.55
OI002225,O000903,P00053,4,267.77,1071.08
OI002226,O000616,P00002,4,217.38,869.52
OI002227,O000802,P00086,3,125.52,376.56
OI002228,O001775,P00025,3,27.85,83.55
OI002229,O001214,P00044,4,343.57,1374.28
OI002230,O000277,P00050,1,105.71,105.71
OI002231,O001605,P00008,1,394.19,394.19
OI002232,O000316,P00067,3,106.89,320.67
OI002233,O000189,P00038,1,349.39,349.39
OI002234,O001811,P00018,5,47.01,235.05
OI002235,O000988,P00057,5,182.01,910.05
OI002236,O000384,P00017,3,388.64,1165.92
OI002237,O001495,P00085,4,81.9,327.6
OI002238,O001409,P00088,1,265.53,265.53
OI002239,O001544,P00090,3,325.08,975.24
OI002240,O001940,P00025,1,472.2,472.2
OI002241,O000134,P00070,3,449.0,1347.0
OI002242,O000434,P00092,1,336.61,336.61
OI002243,O001157,P00036,2,313.47,626.94
OI002244,O001345,P00063,2,439.99,879.98
OI002245,O000479,P00097,5,385.18,1925.9
OI002246,O000807,P00054,5,78.36,391.8
OI002247,O000046,P00066,4,327.3,1309.2
OI002248,O000311,P00033,3,495.24,1485.72
OI002249,O001619,P00054,4,396.61,1586.44
OI002250,O001409,P00030,3,292.35,877.05
OI002251,O000952,P00015,4,411.34,1645.36
OI002252,O001875,P00034,5,365.7,1828.5
OI002253,O001355,P00063,3,307.17,921.51
OI002254,O000595,P00053,3,142.58,427.74
OI002255,O001286,P00055,1,86.41,86.41
OI002256,O000602,P00098,2,130.07,260.14
OI002257,O001884,P00066,1,169.46,169.46
OI002258,O000118,P00068,1,90.42,90.42
OI002259,O000125,P00086,4,81.21,324.84
OI002260,O000997,P00078,5,408.35,2041.75
OI002261,O001360,P00020,5,417.74,2088.7
OI002262,O001767,P00008,3,134.93,404.79
OI002263,O001196,P00020,1,359.59,359.59
OI002264,O000498,P00031,5,335.32,1676.6
OI002265,O001581,P00008,2,279.36,558.72
OI002266,O000911,P00003,3,408.34,1225.02
OI002267,O001445,P00100,4,316.18,1264.72
OI002268,O001619,P00010,4,151.48,605.92
OI002269,O001980,P00042,2,413.51,827.02
OI002270,O001645,P00017,3,233.44,700.32
OI002271,O000199,P00057,5,413.75,2068.75
OI002272,O001474,P00041,5,343.54,1717.7
OI002273,O001154,P00041,5,21.02,105.1
OI002274,O000330,P00068,1,50.01,50.01
OI002275,O001521,P00012,5,51.14,255.7
OI002276,O001936,P00077,4,268.21,1072.84
OI002277,O000300,P00038,3,284.66,853.98
OI002278,O000562,P00043,2,273.11,546.22
OI002279,O001741,P00031,4,419.48,1677.92
OI002280,O001156,P00022,5,22.29,111.45
OI002281,O000108,P00009,5,68.22,341.1
OI002282,O001018,P00096,3,54.81,164.43
OI002283,O001425,P00077,2,376.25,752.5
OI002284,O000924,P00002,2,155.0,310.0
OI002285,O000311,P00010,1,451.37,451.37
OI002286,O001647,P00061,5,391.51,1957.55
OI002287,O001651,P00047,4,182.75,731.0
OI002288,O000695,P00086,2,398.47,796.94
OI002289,O000913,P00044,3,99.64,298.92
OI002290,O000358,P00099,1,182.61,182.61
OI002291,O000632,P00023,2,484.45,968.9
OI002292,O000204,P00085,2,23.58,47.16
OI002293,O001934,P00052,2,478.67,957.34
OI002294,O001759,P00023,1,399.92,399.92
OI002295,O001109,P00061,4,345.99,1383.96
OI002296,O001351,P00028,3,71.25,213.75
OI002297,O000955,P00084,2,136.78,273.56
OI002298,O000160,P00088,4,189.3,757.2
OI002299,O001823,P00038,1,498.75,498.75
OI002300,O000365,P00036,2,306.4,612.8
OI002301,O001977,P00017,4,457.37,1829.48
OI002302,O000522,P00021,2,425.44,850.88
OI002303,O001703,P00008,1,196.59,196.59
OI002304,O000632,P00089,1,308.67,308.67
OI002305,O001121,P00082,5,18.88,94.4
OI002306,O000058,P00049,5,226.53,1132.65
OI002307,O001066,P00100,3,348.4,1045.2
OI002308,O001308,P00032,2,285.86,571.72
OI002309,O000998,P00045,2,345.72,691.44
OI002310,O001011,P00064,2,193.61,387.22
OI002311,O000611,P00090,1,359.1,359.1
OI002312,O001781,P00045,4,404.25,1617.0
OI002313,O001744,P00076,1,96.07,96.07
OI002314,O000303,P00032,1,65.64,65.64
OI002315,O000123,P00044,1,484.29,484.29
OI002316,O001552,P00088,2,162.31,324.62
OI002317,O001139,P00050,3,299.17,897.51
OI002318,O000622,P00100,2,216.76,433.52
OI002319,O000881,P00039,4,45.04,180.16
OI002320,O000183,P00094,4,426.22,1704.88
OI002321,O000121,P00043,2,31.51,63.02
OI002322,O000740,P00078,4,327.55,1310.2
OI002323,O001724,P00076,5,92.21,461.05
OI002324,O001598,P00089,4,303.33,1213.32
OI002325,O001010,P00034,3,384.8,1154.4
OI002326,O000984,P00065,1,212.77,212.77
OI002327,O000338,P00027,1,246.66,246.66
OI002328,O000789,P00072,4,324.62,1298.48
OI002329,O001854,P00096,2,385.35,770.7
OI002330,O000798,P00062,2,422.48,844.96
OI002331,O000057,P00025,2,166.85,333.7
OI002332,O001868,P00080,4,73.68,294.72
OI002333,O001347,P00055,3,416.02,1248.06
OI002334,O001869,P00032,2,271.96,543.92
OI002335,O000133,P00035,3,365.0,1095.0
OI002336,O000389,P00084,2,13.86,27.72
OI002337,O001547,P00059,2,71.56,143.12
OI002338,O001297,P00043,5,191.28,956.4
OI002339,O000638,P00060,3,224.86,674.58
OI002340,O000425,P00044,4,282.94,1131.76
OI002341,O001043,P00016,5,83.21,416.05
OI002342,O000410,P00005,4,362.4,1449.6
OI002343,O000559,P00027,1,485.24,485.24
OI002344,O000976,P00064,4,112.52,450.08
OI002345,O001467,P00056,1,378.92,378.92
OI002346,O001853,P00016,1,274.37,274.37
OI002347,O000083,P00017,3,349.53,1048.59
OI002348,O000977,P00035,1,459.83,459.83
OI002349,O000027,P00054,3,435.52,1306.56
OI002350,O000189,P00093,2,261.01,522.02
OI002351,O001955,P00097,1,220.78,220.78
OI002352,O001427,P00057,5,251.89,1259.45
OI002353,O000499,P00071,2,182.15,364.3
OI002354,O001300,P00039,2,71.11,142.22
OI002355,O001608,P00053,1,214.61,214.61
OI002356,O001477,P00081,4,180.53,722.12
OI002357,O001601,P00067,1,361.47,361.47
OI002358,O000321,P00073,2,348.09,696.18
OI002359,O000562,P00037,4,354.26,1417.04
OI002360,O000048,P00056,3,424.89,1274.67
OI002361,O001451,P00079,5,60.63,303.15
OI002362,O000728,P00067,4,466.09,1864.36
OI002363,O000866,P00075,1,21.44,21.44
OI002364,O001442,P00090,3,429.37,1288.11
OI002365,O001617,P00067,5,290.23,1451.15
OI002366,O001694,P00086,4,303.72,1214.88
OI002367,O001276,P00037,1,43.38,43.38
OI002368,O000124,P00030,2,318.13,636.26
OI002369,O000109,P00033,1,157.57,157.57
OI002370,O001159,P00008,2,355.42,710.84
OI002371,O001548,P00093,5,233.95,1169.75
OI002372,O000266,P00081,1,35.59,35.59
OI002373,O000195,P00031,1,425.7,425.7
OI002374,O001571,P00008,3,336.27,1008.81
OI002375,O001982,P00050,2,404.05,808.1
OI002376,O001733,P00029,4,474.81,1899.24
OI002377,O001375,P00009,5,84.63,423.15
OI002378,O001222,P00026,1,43.85,43.85
OI002379,O000095,P00009,5,326.83,1634.15
OI002380,O000478,P00025,2,226.14,452.28
OI002381,O000270,P00080,3,134.33,402.99
OI002382,O001805,P00089,5,431.95,2159.75
OI002383,O001012,P00080,2,380.23,760.46
OI002384,O000854,P00018,2,31.9,63.8
OI002385,O001172,P00093,3,406.84,1220.52
OI002386,O001307,P00074,2,133.84,267.68
OI002387,O000042,P00052,5,54.2,271.0
OI002388,O000095,P00019,3,332.52,997.56
OI002389,O001637,P00003,1,182.12,182.12
OI002390,O001819,P00089,2,334.79,669.58
OI002391,O001974,P00009,5,449.09,2245.45
OI002392,O000436,P00076,3,403.36,1210.08
OI002393,O000076,P00058,2,438.58,877.16
OI002394,O000217,P00035,3,312.52,937.56
OI002395,O001569,P00047,4,483.03,1932.12
OI002396,O001894,P00069,5,25.3,126.5
OI002397,O001156,P00001,3,391.99,1175.97
OI002398,O000722,P00080,5,485.1,2425.5
OI002399,O000243,P00003,5,378.14,1890.7
OI002400,O000935,P00016,2,63.64,127.28
OI002401,O000691,P00041,4,399.64,1598.56
OI002402,O001936,P00072,5,140.69,703.45
OI002403,O001348,P00011,3,270.33,810.99
OI002404,O000612,P00048,5,237.11,1185.55
OI002405,O001123,P00093,3,175.89,527.67
OI002406,O001937,P00002,5,14.51,72.55
OI002407,O001922,P00097,4,109.72,438.88
OI002408,O001713,P00008,2,165.42,330.84
OI002409,O000695,P00073,2,174.63,349.26
OI002410,O001387,P00047,1,74.41,74.41
OI002411,O001741,P00028,4,118.39,473.56
OI002412,O001033,P00027,4,113.39,453.56
OI002413,O001543,P00091,2,272.31,544.62
OI002414,O000795,P00073,1,247.09,247.09
OI002415,O001011,P00033,2,193.28,386.56
OI002416,O001366,P00015,5,300.99,1504.95
OI002417,O001730,P00090,5,441.93,2209.65
OI002418,O001174,P00043,4,10.79,43.16
OI002419,O000427,P00011,5,96.4,482.0
OI002420,O000204,P00056,1,97.7,97.7
OI002421,O000241,P00093,5,212.7,1063.5
OI002422,O001227,P00069,5,252.44,1262.2
OI002423,O001480,P00068,3,146.35,439.05
OI002424,O001490,P00012,1,28.51,28.51
OI002425,O000154,P00045,3,382.54,1147.62
OI002426,O000419,P00041,5,88.62,443.1
OI002427,O001214,P00029,5,199.78,998.9
OI002428,O001635,P00093,4,31.58,126.32
OI002429,O001847,P00003,2,334.97,669.94
OI002430,O001855,P00038,3,136.8,410.4
OI002431,O001065,P00082,4,95.79,383.16
OI002432,O000907,P00049,5,61.39,306.95
OI002433,O001078,P00060,2,307.64,615.28
OI002434,O000676,P00078,5,124.51,622.55
OI002435,O000587,P00086,4,175.07,700.28
OI002436,O001447,P00045,1,67.21,67.21
OI002437,O001804,P00092,5,26.14,130.7
OI002438,O000145,P00012,1,98.21,98.21
OI002439,O000763,P00029,4,367.52,1470.08
OI002440,O000545,P00042,5,195.54,977.7
OI002441,O001891,P00078,2,135.02,270.04
OI002442,O000564,P00077,1,250.73,250.73
OI002443,O001822,P00088,1,295.33,295.33
OI002444,O001105,P00097,2,354.05,708.1
OI002445,O001956,P00091,4,254.99,1019.96
OI002446,O000330,P00039,4,231.12,924.48
OI002447,O001781,P00081,5,429.41,2147.05
OI002448,O000393,P00078,3,185.56,556.68
OI002449,O000444,P00063,2,402.67,805.34
OI002450,O001657,P00017,3,449.26,1347.78
OI002451,O000647,P00014,1,258.32,258.32
OI002452,O000572,P00095,2,476.66,953.32
OI002453,O000847,P00063,3,276.23,828.69
OI002454,O001737,P00008,1,444.89,444.89
OI002455,O000031,P00007,1,376.87,376.87
OI002456,O001428,P00007,4,45.46,181.84
OI002457,O000455,P00096,3,418.78,1256.34
OI002458,O000026,P00086,2,319.16,638.32
OI002459,O001181,P00081,1,376.07,376.07
OI002460,O001193,P00055,2,70.06,140.12
OI002461,O000789,P00020,3,354.42,1063.26
OI002462,O001052,P00081,4,203.76,815.04
OI002463,O000736,P00097,3,478.62,1435.86
OI002464,O001169,P00092,2,183.03,366.06
OI002465,O001926,P00015,2,96.88,193.76
OI002466,O001920,P00064,1,301.04,301.04
OI002467,O000727,P00047,2,151.05,302.1
OI002468,O001782,P00067,2,370.58,741.16
OI002469,O000739,P00010,4,315.95,1263.8
OI002470,O001471,P00089,1,163.82,163.82
OI002471,O001447,P00031,1,187.65,187.65
OI002472,O000969,P00081,4,251.19,1004.76
OI002473,O001881,P00068,2,490.07,980.14
OI002474,O000803,P00066,5,362.2,1811.0
OI002475,O001873,P00001,2,93.91,187.82
OI002476,O000076,P00029,5,454.51,2272.55
OI002477,O000956,P00068,1,455.03,455.03
OI002478,O000217,P00037,4,191.42,765.68
OI002479,O001397,P00032,3,206.01,618.03
OI002480,O001969,P00042,5,171.65,858.25
OI002481,O001411,P00093,5,324.36,1621.8
OI002482,O000691,P00049,3,40.82,122.46
OI002483,O000374,P00077,4,358.26,1433.04
OI002484,O001603,P00057,5,265.77,1328.85
OI002485,O001327,P00003,3,159.89,479.67
OI002486,O001011,P00032,4,353.99,1415.96
OI002487,O001317,P00013,4,327.82,1311.28
OI002488,O000428,P00091,2,404.86,809.72
OI002489,O001541,P00043,2,387.19,774.38
OI002490,O000667,P00065,3,286.29,858.87
OI002491,O001331,P00042,1,202.5,202.5
OI002492,O001846,P00053,1,370.73,370.73
OI002493,O001482,P00049,3,331.56,994.68
OI002494,O001785,P00035,2,489.55,979.1
OI002495,O000406,P00077,3,19.87,59.61
OI002496,O001900,P00026,5,382.4,1912.0
OI002497,O001711,P00070,5,309.89,1549.45
OI002498,O001346,P00017,2,270.87,541.74
OI002499,O000255,P00041,5,62.35,311.75
OI002500,O001015,P00047,1,362.76,362.76
OI002501,O001720,P00078,5,16.55,82.75
OI002502,O001549,P00044,1,276.95,276.95
OI002503,O001396,P00055,4,313.83,1255.32
OI002504,O000507,P00003,2,373.37,746.74
OI002505,O001943,P00011,4,291.82,1167.28
OI002506,O000762,P00077,4,206.81,827.24
OI002507,O000835,P00047,4,139.25,557.0
OI002508,O001542,P00054,5,471.51,2357.55
OI002509,O001535,P00100,4,378.49,1513.96
OI002510,O001880,P00084,5,136.45,682.25
OI002511,O000301,P00021,3,481.15,1443.45
OI002512,O001259,P00034,4,261.29,1045.16
OI002513,O000075,P00072,1,214.56,214.56
OI002514,O001234,P00076,4,251.48,1005.92
OI002515,O000782,P00059,4,305.57,1222.28
OI002516,O000107,P00091,5,210.97,1054.85
OI002517,O000044,P00083,3,440.32,1320.96
OI002518,O001902,P00092,1,317.82,317.82
OI002519,O001544,P00093,3,114.78,344.34
OI002520,O001539,P00036,3,240.09,720.27
OI002521,O001388,P00095,3,12.69,38.07
OI002522,O000623,P00078,2,421.47,842.94
OI002523,O000590,P00073,1,114.77,114.77
OI002524,O000967,P00081,2,147.82,295.64
OI002525,O001757,P00014,5,129.85,649.25
OI002526,O000730,P00074,1,316.92,316.92
OI002527,O000632,P00002,3,332.28,996.84
OI002528,O001014,P00039,3,426.32,1278.96
OI002529,O001618,P00063,5,335.03,1675.15
OI002530,O000058,P00084,1,494.72,494.72
OI002531,O001738,P00026,5,217.03,1085.15
OI002532,O000559,P00005,4,48.59,194.36
OI002533,O001067,P00062,4,242.45,969.8
OI002534,O001796,P00048,5,65.35,326.75
OI002535,O001281,P00046,3,99.46,298.38
OI002536,O000214,P00046,1,457.58,457.58
OI002537,O000221,P00007,5,215.62,1078.1
OI002538,O001362,P00036,2,73.04,146.08
OI002539,O001769,P00080,3,461.27,1383.81
OI002540,O001113,P00093,2,465.71,931.42
OI002541,O000949,P00045,5,294.36,1471.8
OI002542,O001401,P00033,1,260.24,260.24
OI002543,O000765,P00001,1,339.92,339.92
OI002544,O001038,P00052,3,173.68,521.04
OI002545,O001922,P00064,4,85.67,342.68
OI002546,O001678,P00034,1,86.65,86.65
OI002547,O001573,P00041,1,33.06,33.06
OI002548,O001831,P00098,5,253.9,1269.5
OI002549,O001525,P00050,3,324.98,974.94
OI002550,O001484,P00042,5,311.66,1558.3
OI002551,O000486,P00071,3,145.89,437.67
OI002552,O000541,P00052,2,379.39,758.78
OI002553,O000554,P00023,2,17.5,35.0
OI002554,O001032,P00050,4,403.21,1612.84
OI002555,O001314,P00100,3,434.88,1304.64
OI002556,O001767,P00025,5,318.91,1594.55
OI002557,O000425,P00011,4,499.73,1998.92
OI002558,O001787,P00091,5,296.66,1483.3
OI002559,O001886,P00095,3,416.62,1249.86
OI002560,O001331,P00022,1,105.79,105.79
OI002561,O001575,P00083,5,133.62,668.1
OI002562,O000556,P00031,2,52.35,104.7
OI002563,O001903,P00089,2,410.16,820.32
OI002564,O001477,P00050,1,476.5,476.5
OI002565,O001895,P00072,1,11.58,11.58
OI002566,O000086,P00018,1,192.19,192.19
OI002567,O001269,P00065,5,131.88,659.4
OI002568,O001752,P00030,2,227.7,455.4
OI002569,O000943,P00016,1,48.47,48.47
OI002570,O001463,P00063,5,65.32,326.6
OI002571,O001216,P00051,2,98.88,197.76
OI002572,O001513,P00023,4,461.25,1845.0
OI002573,O001751,P00052,4,131.13,524.52
OI002574,O000698,P00083,2,54.4,108.8
OI002575,O001956,P00060,5,277.32,1386.6
OI002576,O001844,P00042,1,149.07,149.07
OI002577,O001942,P00006,2,494.43,988.86
OI002578,O001306,P00066,1,328.28,328.28
OI002579,O000553,P00023,3,23.59,70.77
OI002580,O000756,P00048,4,154.06,616.24
OI002581,O000402,P00037,3,430.64,1291.92
OI002582,O000457,P00020,5,106.84,534.2
OI002583,O001485,P00038,3,219.25,657.75
OI002584,O000868,P00038,1,116.28,116.28
OI002585,O000391,P00008,2,421.5,843.0
OI002586,O000235,P00065,4,343.87,1375.48
OI002587,O001704,P00054,3,290.87,872.61
OI002588,O000658,P00038,4,184.12,736.48
OI002589,O001981,P00047,4,251.46,1005.84
OI002590,O000788,P00043,5,318.18,1590.9
OI002591,O000772,P00083,4,400.38,1601.52
OI002592,O001252,P00068,5,98.25,491.25
OI002593,O000251,P00050,5,148.78,743.9
OI002594,O001645,P00007,3,307.84,923.52
OI002595,O001445,P00020,3,178.45,535.35
OI002596,O001227,P00022,2,264.05,528.1
OI002597,O001713,P00077,2,468.58,937.16
OI002598,O001640,P00052,4,333.38,1333.52
OI002599,O000997,P00006,5,107.61,538.05
OI002600,O000974,P00026,1,458.46,458.46
OI002601,O000521,P00074,2,281.88,563.76
OI002602,O000878,P00024,3,78.22,234.66
OI002603,O000349,P00036,4,455.45,1821.8
OI002604,O000920,P00015,1,335.93,335.93
OI002605,O000395,P00053,2,196.26,392.52
OI002606,O001164,P00038,2,351.28,702.56
OI002607,O000008,P00077,3,33.49,100.47
OI002608,O001686,P00065,3,52.18,156.54
OI002609,O000677,P00027,3,97.43,292.29
OI002610,O000010,P00020,4,89.4,357.6
OI002611,O000564,P00001,2,43.05,86.1
OI002612,O000724,P00058,1,452.7,452.7
OI002613,O000074,P00029,2,432.33,864.66
OI002614,O000045,P00068,4,415.97,1663.88
OI002615,O001231,P00024,1,139.8,139.8
OI002616,O000393,P00012,2,181.1,362.2
OI002617,O001407,P00084,1,90.64,90.64
OI002618,O000031,P00058,3,116.56,349.68
OI002619,O001544,P00031,3,350.09,1050.27
OI002620,O000867,P00080,4,45.87,183.48
OI002621,O001518,P00050,1,153.96,153.96
OI002622,O001572,P00028,2,71.21,142.42
OI002623,O001049,P00032,4,333.93,1335.72
OI002624,O001954,P00076,3,389.87,1169.61
OI002625,O001148,P00054,3,493.96,1481.88
OI002626,O000733,P00093,3,275.58,826.74
OI002627,O000901,P00060,5,41.16,205.8
OI002628,O000979,P00039,5,202.62,1013.1
OI002629,O001989,P00033,4,369.1,1476.4
OI002630,O001852,P00007,3,413.96,1241.88
OI002631,O000945,P00060,1,419.51,419.51
OI002632,O001279,P00036,5,58.88,294.4
OI002633,O001621,P00004,5,368.83,1844.15
OI002634,O000053,P00092,4,488.81,1955.24
OI002635,O000148,P00097,5,492.53,2462.65
OI002636,O001460,P00051,1,77.28,77.28
OI002637,O000487,P00046,1,420.34,420.34
OI002638,O000901,P00035,2,485.7,971.4
OI002639,O000957,P00051,2,30.99,61.98
OI002640,O000486,P00044,3,27.78,83.34
OI002641,O001456,P00071,5,365.54,1827.7
OI002642,O000984,P00065,2,209.6,419.2
OI002643,O001090,P00049,2,155.27,310.54
OI002644,O000546,P00082,2,142.07,284.14
OI002645,O000495,P00053,5,334.98,1674.9
OI002646,O000147,P00054,2,226.17,452.34
OI002647,O000203,P00057,1,477.83,477.83
OI002648,O000516,P00081,5,353.79,1768.95
OI002649,O000543,P00062,5,434.18,2170.9
OI002650,O000185,P00078,1,177.93,177.93
OI002651,O000639,P00011,4,99.09,396.36
OI002652,O000578,P00069,3,447.36,1342.08
OI002653,O000611,P00026,3,413.67,1241.01
OI002654,O001043,P00052,3,33.22,99.66
OI002655,O001954,P00019,4,79.84,319.36
OI002656,O000209,P00089,3,474.63,1423.89
OI002657,O001823,P00042,1,250.64,250.64
OI002658,O001913,P00073,1,418.99,418.99
OI002659,O001739,P00004,2,96.7,193.4
OI002660,O000864,P00072,4,498.0,1992.0
OI002661,O001843,P00091,5,190.34,951.7
OI002662,O001596,P00055,1,116.85,116.85
OI002663,O001676,P00086,1,34.44,34.44
OI002664,O000487,P00021,1,445.68,445.68
OI002665,O001989,P00029,1,262.78,262.78
OI002666,O000005,P00015,5,391.61,1958.05
OI002667,O000928,P00012,4,232.29,929.16
OI002668,O000256,P00100,3,75.5,226.5
OI002669,O001891,P00007,3,51.05,153.15
OI002670,O000644,P00029,4,208.07,832.28
OI002671,O000823,P00045,5,206.32,1031.6
OI002672,O000996,P00061,2,46.96,93.92
OI002673,O001931,P00092,4,385.89,1543.56
OI002674,O001226,P00096,4,313.65,1254.6
OI002675,O001490,P00007,2,286.21,572.42
OI002676,O001487,P00082,4,242.31,969.24
OI002677,O000888,P00006,5,312.17,1560.85
OI002678,O000573,P00013,2,364.78,729.56
OI002679,O000457,P00017,3,130.32,390.96
OI002680,O001275,P00025,2,469.89,939.78
OI002681,O000752,P00063,1,332.57,332.57
OI002682,O000984,P00017,5,192.92,964.6
OI002683,O000037,P00052,5,353.91,1769.55
OI002684,O001418,P00054,3,421.59,1264.77
OI002685,O001090,P00084,2,438.65,877.3
OI002686,O001179,P00080,5,29.02,145.1
OI002687,O000460,P00027,5,119.76,598.8
OI002688,O000773,P00023,3,183.42,550.26
OI002689,O000821,P00011,2,477.63,955.26
OI002690,O000899,P00031,2,380.78,761.56
OI002691,O001062,P00043,5,472.83,2364.15
OI002692,O000786,P00083,3,317.97,953.91
OI002693,O000204,P00025,2,308.34,616.68
OI002694,O001142,P00033,5,250.38,1251.9
OI002695,O001582,P00006,1,347.81,347.81
OI002696,O000939,P00014,5,250.67,1253.35
OI002697,O001783,P00099,5,268.48,1342.4
OI002698,O001113,P00056,1,359.39,359.39
OI002699,O001265,P00070,5,171.0,855.0
OI002700,O001356,P00098,4,447.3,1789.2
OI002701,O001115,P00026,2,419.46,838.92
OI002702,O000855,P00010,4,146.18,584.72
OI002703,O001301,P00005,2,408.38,816.76
OI002704,O001907,P00064,1,190.52,190.52
OI002705,O000672,P00016,3,486.12,1458.36
OI002706,O000653,P00076,1,220.71,220.71
OI002707,O001950,P00074,5,453.31,2266.55
OI002708,O001520,P00063,5,311.56,1557.8
OI002709,O000719,P00030,4,13.25,53.0
OI002710,O000094,P00063,4,235.99,943.96
OI002711,O000983,P00025,4,422.38,1689.52
OI002712,O001271,P00010,2,460.73,921.46
OI002713,O000840,P00046,2,241.1,482.2
OI002714,O000216,P00087,2,161.29,322.58
OI002715,O000346,P00025,2,226.63,453.26
OI002716,O001450,P00071,1,246.42,246.42
OI002717,O000010,P00029,1,46.62,46.62
OI002718,O001037,P00006,2,122.65,245.3
OI002719,O000493,P00040,4,250.94,1003.76
OI002720,O001983,P00006,1,397.9,397.9
OI002721,O001518,P00008,4,416.51,1666.04
OI002722,O001218,P00065,4,26.67,106.68
OI002723,O001929,P00100,5,288.96,1444.8
OI002724,O001741,P00001,4,369.18,1476.72
OI002725,O001023,P00026,5,199.96,999.8
OI002726,O001338,P00066,1,181.84,181.84
OI002727,O001273,P00074,5,394.26,1971.3
OI002728,O000329,P00049,4,11.91,47.64
OI002729,O000596,P00044,1,42.97,42.97
OI002730,O000796,P00010,1,495.15,495.15
OI002731,O000153,P00039,3,34.75,104.25
OI002732,O000839,P00033,3,384.27,1152.81
OI002733,O001115,P00089,4,295.75,1183.0
OI002734,O001312,P00066,5,168.5,842.5
OI002735,O001237,P00091,5,490.18,2450.9
OI002736,O000474,P00090,2,277.11,554.22
OI002737,O001237,P00010,2,117.04,234.08
OI002738,O001236,P00079,2,63.9,127.8
OI002739,O001773,P00089,1,107.8,107.8
OI002740,O000694,P00049,4,357.4,1429.6
OI002741,O001573,P00001,3,95.37,286.11
OI002742,O000922,P00073,4,146.82,587.28
OI002743,O001923,P00061,4,25.45,101.8
OI002744,O001080,P00082,4,181.31,725.24
OI002745,O000516,P00087,4,17.64,70.56
OI002746,O000804,P00084,4,271.88,1087.52
OI002747,O000783,P00034,1,253.61,253.61
OI002748,O000115,P00043,2,119.42,238.84
OI002749,O000539,P00088,2,437.25,874.5
OI002750,O001010,P00066,2,39.63,79.26
OI002751,O000424,P00037,3,499.81,1499.43
OI002752,O000045,P00060,1,365.16,365.16
OI002753,O000878,P00004,5,150.41,752.05
OI002754,O000104,P00095,3,309.91,929.73
OI002755,O001494,P00049,4,440.64,1762.56
OI002756,O000011,P00036,5,17.45,87.25
OI002757,O001544,P00067,2,258.36,516.72
OI002758,O001330,P00012,5,343.81,1719.05
OI002759,O001467,P00068,5,81.1,405.5
OI002760,O000589,P00090,1,129.06,129.06
OI002761,O000060,P00003,2,18.86,37.72
OI002762,O001812,P00066,3,218.99,656.97
OI002763,O001551,P00063,2,445.83,891.66
OI002764,O000381,P00089,2,372.54,745.08
OI002765,O000048,P00072,2,47.19,94.38
OI002766,O000752,P00035,2,179.6,359.2
OI002767,O001504,P00096,2,14.91,29.82
OI002768,O000220,P00022,1,410.46,410.46
OI002769,O001986,P00089,2,60.6,121.2
OI002770,O000153,P00096,3,86.46,259.38
OI002771,O000338,P00020,3,130.76,392.28
OI002772,O000160,P00002,5,346.79,1733.95
OI002773,O000959,P00027,3,303.86,911.58
OI002774,O000115,P00095,2,389.34,778.68
OI002775,O001656,P00047,3,33.67,101.01
OI002776,O001364,P00087,2,294.54,589.08
OI002777,O001584,P00086,1,484.59,484.59
OI002778,O001552,P00082,3,30.09,90.27
OI002779,O001538,P00071,1,203.46,203.46
OI002780,O000954,P00010,2,322.35,644.7
OI002781,O001570,P00051,3,22.82,68.46
OI002782,O001532,P00099,1,100.36,100.36
OI002783,O001593,P00039,2,65.56,131.12
OI002784,O000447,P00084,2,293.26,586.52
OI002785,O001186,P00094,2,168.88,337.76
OI002786,O000964,P00095,5,376.23,1881.15
OI002787,O000385,P00073,3,311.84,935.52
OI002788,O000489,P00058,4,215.16,860.64
OI002789,O001252,P00082,1,391.36,391.36
OI002790,O000248,P00051,5,57.99,289.95
OI002791,O000944,P00010,1,456.47,456.47
OI002792,O000602,P00091,5,466.46,2332.3
OI002793,O001915,P00023,5,209.99,1049.95
OI002794,O000106,P00083,1,336.48,336.48
OI002795,O000499,P00049,3,31.62,94.86
OI002796,O001731,P00032,3,236.33,708.99
OI002797,O000230,P00013,2,225.16,450.32
OI002798,O000189,P00011,5,149.03,745.15
OI002799,O000749,P00025,1,247.66,247.66
OI002800,O000757,P00022,5,307.12,1535.6
OI002801,O000626,P00075,1,209.27,209.27
OI002802,O001697,P00080,2,418.23,836.46
OI002803,O001820,P00003,1,440.71,440.71
OI002804,O000703,P00026,2,87.57,175.14
OI002805,O000827,P00026,3,92.28,276.84
OI002806,O000569,P00026,4,434.0,1736.0
OI002807,O000505,P00092,1,287.3,287.3
OI002808,O001830,P00091,5,137.34,686.7
OI002809,O001622,P00083,5,272.75,1363.75
OI002810,O001183,P00063,2,65.59,131.18
OI002811,O000014,P00039,5,285.05,1425.25
OI002812,O001472,P00007,5,45.13,225.65
OI002813,O001212,P00069,4,17.92,71.68
OI002814,O000608,P00078,2,151.21,302.42
OI002815,O000608,P00048,5,144.25,721.25
OI002816,O001804,P00061,2,455.11,910.22
OI002817,O000876,P00001,3,332.13,996.39
OI002818,O000267,P00023,4,147.0,588.0
OI002819,O000969,P00033,5,280.4,1402.0
OI002820,O001832,P00078,4,477.9,1911.6
OI002821,O001376,P00085,2,357.47,714.94
OI002822,O001159,P00015,4,216.69,866.76
OI002823,O001363,P00068,1,14.51,14.51
OI002824,O001789,P00088,4,295.75,1183.0
OI002825,O001239,P00030,2,23.87,47.74
OI002826,O000299,P00044,4,356.82,1427.28
OI002827,O000467,P00085,2,82.76,165.52
OI002828,O000170,P00015,3,72.92,218.76
OI002829,O001717,P00040,2,174.79,349.58
OI002830,O001163,P00034,4,453.31,1813.24
OI002831,O000284,P00014,3,459.4,1378.2
OI002832,O001815,P00027,5,443.49,2217.45
OI002833,O001889,P00067,1,228.07,228.07
OI002834,O001839,P00018,2,359.67,719.34
OI002835,O000039,P00061,1,290.84,290.84
OI002836,O000566,P00068,5,140.06,700.3
OI002837,O001048,P00008,4,97.74,390.96
OI002838,O000044,P00052,3,81.68,245.04
OI002839,O000663,P00048,1,429.31,429.31
OI002840,O000819,P00003,3,160.85,482.55
OI002841,O001704,P00098,2,434.95,869.9
OI002842,O001513,P00052,2,359.72,719.44
OI002843,O001528,P00073,4,289.35,1157.4
OI002844,O001440,P00037,4,451.65,1806.6
OI002845,O000246,P00015,1,398.48,398.48
OI002846,O001295,P00007,3,298.45,895.35
OI002847,O000448,P00007,2,248.62,497.24
OI002848,O001268,P00063,5,14.73,73.65
OI002849,O000027,P00015,5,46.73,233.65
OI002850,O000666,P00043,4,191.91,767.64
OI002851,O000078,P00043,4,494.06,1976.24
OI002852,O001475,P00074,3,45.96,137.88
OI002853,O000866,P00008,5,35.41,177.05
OI002854,O001199,P00081,2,62.74,125.48
OI002855,O000047,P00083,1,52.55,52.55
OI002856,O000427,P00051,1,352.14,352.14
OI002857,O000813,P00055,1,122.16,122.16
OI002858,O000198,P00028,1,477.01,477.01
OI002859,O000926,P00068,3,446.41,1339.23
OI002860,O001131,P00050,1,225.91,225.91
OI002861,O000006,P00025,4,318.47,1273.88
OI002862,O001890,P00001,4,90.34,361.36
OI002863,O001133,P00067,1,101.22,101.22
OI002864,O000623,P00061,2,287.45,574.9
OI002865,O001190,P00027,3,407.01,1221.03
OI002866,O001628,P00042,1,254.4,254.4
OI002867,O001413,P00023,4,188.9,755.6
OI002868,O000002,P00015,4,76.71,306.84
OI002869,O001605,P00042,3,263.24,789.72
OI002870,O000485,P00090,5,77.97,389.85
OI002871,O000443,P00056,4,314.86,1259.44
OI002872,O001814,P00002,1,350.51,350.51
OI002873,O001800,P00019,5,435.82,2179.1
OI002874,O001444,P00092,1,464.49,464.49
OI002875,O001169,P00065,1,439.21,439.21
OI002876,O001138,P00016,1,33.56,33.56
OI002877,O000516,P00057,4,398.88,1595.52
OI002878,O001668,P00050,2,137.0,274.0
OI002879,O000573,P00064,5,120.54,602.7
OI002880,O000554,P00097,1,144.32,144.32
OI002881,O000109,P00096,1,458.72,458.72
OI002882,O001690,P00059,2,10.23,20.46
OI002883,O000172,P00081,5,142.41,712.05
OI002884,O000666,P00038,4,305.93,1223.72
OI002885,O000086,P00027,3,55.5,166.5
OI002886,O000726,P00099,3,397.27,1191.81
OI002887,O000620,P00098,1,175.09,175.09
OI002888,O000104,P00052,2,417.79,835.58
OI002889,O001151,P00092,1,475.56,475.56
OI002890,O000126,P00089,2,334.5,669.0
OI002891,O000114,P00049,1,211.08,211.08
OI002892,O000928,P00019,3,447.0,1341.0
OI002893,O000016,P00054,2,342.0,684.0
OI002894,O000004,P00024,5,386.87,1934.35
OI002895,O001753,P00083,3,463.77,1391.31
OI002896,O001543,P00053,2,309.05,618.1
OI002897,O000224,P00002,2,166.01,332.02
OI002898,O001558,P00038,4,85.3,341.2
OI002899,O000201,P00009,1,220.65,220.65
OI002900,O000427,P00051,1,494.4,494.4
OI002901,O001430,P00091,5,253.85,1269.25
OI002902,O001539,P00054,2,237.21,474.42
OI002903,O000164,P00051,1,376.64,376.64
OI002904,O001779,P00061,3,344.51,1033.53
OI002905,O001688,P00055,1,228.51,228.51
OI002906,O001284,P00024,4,181.74,726.96
OI002907,O001824,P00027,4,421.51,1686.04
OI002908,O000860,P00062,2,216.75,433.5
OI002909,O001374,P00093,5,356.2,1781.0
OI002910,O000376,P00027,2,48.05,96.1
OI002911,O001689,P00009,5,148.33,741.65
OI002912,O001831,P00040,4,424.77,1699.08
OI002913,O001958,P00013,4,426.0,1704.0
OI002914,O000779,P00049,5,427.03,2135.15
OI002915,O000515,P00061,2,491.03,982.06
OI002916,O001119,P00012,4,313.04,1252.16
OI002917,O000039,P00055,3,346.85,1040.55
OI002918,O000346,P00099,3,285.87,857.61
OI002919,O000469,P00014,2,22.55,45.1
OI002920,O000088,P00004,3,330.32,990.96
OI002921,O000956,P00022,2,160.27,320.54
OI002922,O001383,P00069,5,61.97,309.85
OI002923,O000693,P00005,4,414.52,1658.08
OI002924,O001564,P00033,4,273.62,1094.48
OI002925,O000492,P00023,5,478.33,2391.65
OI002926,O001457,P00042,1,224.73,224.73
OI002927,O001502,P00099,5,349.96,1749.8
OI002928,O001332,P00090,2,423.67,847.34
OI002929,O000248,P00092,3,90.97,272.91
OI002930,O001708,P00046,5,33.83,169.15
OI002931,O000980,P00096,5,42.77,213.85
OI002932,O000320,P00042,2,14.22,28.44
OI002933,O001404,P00029,5,258.99,1294.95
OI002934,O000469,P00079,3,415.0,1245.0
OI002935,O000283,P00042,1,216.37,216.37
OI002936,O000538,P00020,4,486.88,1947.52
OI002937,O001172,P00071,1,499.38,499.38
OI002938,O000370,P00040,4,335.29,1341.16
OI002939,O000463,P00004,5,330.1,1650.5
OI002940,O001992,P00057,4,376.54,1506.16
OI002941,O000981,P00074,4,176.48,705.92
OI002942,O000011,P00012,1,69.33,69.33
OI002943,O001339,P00060,5,462.33,2311.65
OI002944,O001536,P00035,3,441.72,1325.16
OI002945,O001202,P00061,4,273.81,1095.24
OI002946,O001546,P00040,3,297.82,893.46
OI002947,O001146,P00077,4,35.35,141.4
OI002948,O000740,P00063,5,407.03,2035.15
OI002949,O000417,P00038,3,97.78,293.34
OI002950,O000955,P00067,1,115.87,115.87
OI002951,O001764,P00029,5,133.92,669.6
OI002952,O000933,P00001,2,487.63,975.26
OI002953,O000129,P00027,1,266.06,266.06
OI002954,O000436,P00067,2,403.66,807.32
OI002955,O000688,P00093,5,287.38,1436.9
OI002956,O000707,P00002,5,58.55,292.75
OI002957,O001421,P00091,3,283.56,850.68
OI002958,O000538,P00028,3,17.99,53.97
OI002959,O000676,P00035,1,158.18,158.18
OI002960,O000357,P00011,4,205.33,821.32
OI002961,O000890,P00009,1,101.92,101.92
OI002962,O001269,P00029,4,181.89,727.56
OI002963,O000090,P00085,1,358.52,358.52
OI002964,O001209,P00052,2,166.9,333.8
OI002965,O000851,P00078,5,448.25,2241.25
OI002966,O000934,P00002,5,14.7,73.5
OI002967,O000131,P00026,3,468.8,1406.4
OI002968,O001112,P00100,2,414.11,828.22
OI002969,O000580,P00030,3,354.53,1063.59
OI002970,O001144,P00043,2,149.08,298.16
OI002971,O000888,P00076,1,135.2,135.2
OI002972,O000746,P00033,5,156.92,784.6
OI002973,O000998,P00037,3,82.28,246.84
OI002974,O001060,P00071,3,421.94,1265.82
OI002975,O000108,P00010,1,216.18,216.18
OI002976,O000773,P00064,5,399.61,1998.05
OI002977,O000423,P00018,1,21.65,21.65
OI002978,O000949,P00081,5,326.13,1630.65
OI002979,O001454,P00026,4,172.19,688.76
OI002980,O001270,P00098,2,177.83,355.66
OI002981,O000774,P00053,1,270.04,270.04
OI002982,O001669,P00018,2,219.74,439.48
OI002983,O001628,P00092,4,413.23,1652.92
OI002984,O000815,P00024,2,213.19,426.38
OI002985,O001143,P00040,4,481.83,1927.32
OI002986,O001365,P00017,3,64.31,192.93
OI002987,O001565,P00080,3,185.36,556.08
OI002988,O000727,P00020,5,104.82,524.1
OI002989,O001105,P00088,1,72.15,72.15
OI002990,O001480,P00002,4,355.72,1422.88
OI002991,O000847,P00040,1,387.88,387.88
OI002992,O000216,P00039,4,256.49,1025.96
OI002993,O001563,P00022,4,180.09,720.36
OI002994,O000465,P00012,1,306.09,306.09
OI002995,O001214,P00024,2,207.2,414.4
OI002996,O000982,P00002,1,39.01,39.01
OI002997,O000526,P00038,3,69.36,208.08
OI002998,O001410,P00092,3,88.12,264.36
OI002999,O000994,P00100,3,483.19,1449.57
OI003000,O000061,P00085,3,356.16,1068.48
OI003001,O001092,P00014,2,305.26,610.52
OI003002,O001560,P00051,1,45.1,45.1
OI003003,O001625,P00056,3,458.89,1376.67
OI003004,O000591,P00055,3,342.87,1028.61
OI003005,O001195,P00085,1,121.98,121.98
OI003006,O000806,P00022,3,255.41,766.23
OI003007,O001476,P00027,3,224.27,672.81
OI003008,O001612,P00043,4,184.6,738.4
OI003009,O000726,P00048,1,132.32,132.32
OI003010,O000948,P00088,4,194.58,778.32
OI003011,O000739,P00032,1,389.59,389.59
OI003012,O001083,P00096,4,300.13,1200.52
OI003013,O001680,P00032,3,386.42,1159.26
OI003014,O001329,P00017,2,239.83,479.66
OI003015,O000006,P00089,4,235.64,942.56
OI003016,O001149,P00037,4,79.43,317.72
OI003017,O000272,P00068,3,69.71,209.13
OI003018,O001379,P00064,1,55.38,55.38
OI003019,O001230,P00008,5,322.93,1614.65
OI003020,O000726,P00079,4,284.88,1139.52
OI003021,O001088,P00054,2,37.88,75.76
OI003022,O000197,P00095,3,122.37,367.11
OI003023,O001438,P00056,3,181.78,545.34
OI003024,O001966,P00037,1,465.0,465.0
OI003025,O000344,P00027,3,296.21,888.63
OI003026,O001858,P00002,4,67.47,269.88
OI003027,O001339,P00032,4,407.17,1628.68
OI003028,O000679,P00097,2,16.21,32.42
OI003029,O001911,P00085,2,112.03,224.06
OI003030,O000537,P00027,5,425.32,2126.6
OI003031,O001337,P00026,4,104.1,416.4
OI003032,O001523,P00068,5,308.61,1543.05
OI003033,O001323,P00064,1,246.68,246.68
OI003034,O001407,P00030,3,223.38,670.14
OI003035,O000956,P00072,1,292.93,292.93
OI003036,O001345,P00064,2,124.34,248.68
OI003037,O000917,P00084,2,173.06,346.12
OI003038,O001013,P00041,3,303.98,911.94
OI003039,O001121,P00037,1,225.83,225.83
OI003040,O000404,P00013,3,42.36,127.08
OI003041,O001189,P00042,1,296.52,296.52
OI003042,O001796,P00015,4,274.52,1098.08
OI003043,O000595,P00012,1,128.63,128.63
OI003044,O000179,P00008,5,109.42,547.1
OI003045,O000629,P00011,2,273.82,547.64
OI003046,O001783,P00093,5,180.52,902.6
OI003047,O001193,P00073,1,355.53,355.53
OI003048,O001025,P00085,4,471.55,1886.2
OI003049,O000971,P00019,3,152.26,456.78
OI003050,O000713,P00049,3,412.33,1236.99
OI003051,O001783,P00088,4,381.4,1525.6
OI003052,O000679,P00058,2,26.88,53.76
OI003053,O000441,P00030,3,235.07,705.21
OI003054,O000260,P00009,3,127.51,382.53
OI003055,O001724,P00035,3,329.17,987.51
OI003056,O000550,P00053,3,275.79,827.37
OI003057,O000414,P00066,1,427.13,427.13
OI003058,O000131,P00065,5,332.02,1660.1
OI003059,O001418,P00078,3,361.4,1084.2
OI003060,O000811,P00050,4,31.44,125.76
OI003061,O000911,P00021,5,489.34,2446.7
OI003062,O000893,P00034,3,32.78,98.34
OI003063,O000698,P00033,4,467.95,1871.8
OI003064,O001858,P00050,2,301.78,603.56
OI003065,O001098,P00062,1,366.29,366.29
OI003066,O000634,P00057,1,278.73,278.73
OI003067,O000209,P00004,3,241.97,725.91
OI003068,O001266,P00008,3,127.08,381.24
OI003069,O001384,P00074,3,24.97,74.91
OI003070,O000664,P00085,3,78.89,236.67
OI003071,O000540,P00053,3,87.53,262.59
OI003072,O000593,P00085,2,242.22,484.44
OI003073,O001980,P00086,4,427.17,1708.68
OI003074,O000047,P00032,5,425.72,2128.6
OI003075,O001710,P00067,3,154.38,463.14
OI003076,O001151,P00020,2,246.86,493.72
OI003077,O000430,P00086,1,426.97,426.97
OI003078,O001211,P00054,4,318.64,1274.56
OI003079,O000257,P00011,2,144.19,288.38
OI003080,O000526,P00021,4,428.94,1715.76
OI003081,O000006,P00077,3,476.72,1430.16
OI003082,O000157,P00018,4,314.53,1258.12
OI003083,O000150,P00023,3,364.43,1093.29
OI003084,O001203,P00045,4,290.85,1163.4
OI003085,O001562,P00067,1,426.81,426.81
OI003086,O001903,P00093,2,91.15,182.3
OI003087,O001601,P00097,5,289.95,1449.75
OI003088,O001729,P00016,5,412.06,2060.3
OI003089,O001214,P00021,4,386.27,1545.08
OI003090,O001012,P00008,3,174.55,523.65
OI003091,O001989,P00043,5,312.4,1562.0
OI003092,O000455,P00051,4,430.52,1722.08
OI003093,O000146,P00085,4,37.95,151.8
OI003094,O001824,P00019,2,486.47,972.94
OI003095,O000951,P00068,5,35.93,179.65
OI003096,O001333,P00073,1,405.89,405.89
OI003097,O002000,P00060,5,411.47,2057.35
OI003098,O000773,P00035,5,12.85,64.25
OI003099,O000193,P00090,5,44.65,223.25
OI003100,O001692,P00051,5,222.42,1112.1
OI003101,O001720,P00043,5,489.01,2445.05
OI003102,O000191,P00085,5,341.58,1707.9
OI003103,O000330,P00041,1,378.73,378.73
OI003104,O000114,P00083,2,409.03,818.06
OI003105,O000546,P00069,1,338.33,338.33
OI003106,O001089,P00049,1,124.75,124.75
OI003107,O000535,P00078,1,447.38,447.38
OI003108,O000667,P00081,1,350.92,350.92
OI003109,O000628,P00024,5,44.86,224.3
OI003110,O001789,P00007,3,40.01,120.03
OI003111,O000498,P00055,2,218.96,437.92
OI003112,O000019,P00005,4,188.5,754.0
OI003113,O000323,P00028,5,98.28,491.4
OI003114,O001302,P00066,3,422.05,1266.15
OI003115,O000091,P00025,5,497.93,2489.65
OI003116,O001509,P00062,5,496.56,2482.8
OI003117,O001765,P00068,1,10.7,10.7
OI003118,O000743,P00075,4,162.5,650.0
OI003119,O000032,P00052,3,418.63,1255.89
OI003120,O001492,P00072,2,194.76,389.52
OI003121,O001399,P00087,3,31.78,95.34
OI003122,O001158,P00078,5,461.22,2306.1
OI003123,O001733,P00078,2,369.44,738.88
OI003124,O000196,P00009,2,475.73,951.46
OI003125,O000872,P00025,2,498.71,997.42
OI003126,O001995,P00035,3,249.75,749.25
OI003127,O001997,P00010,4,222.08,888.32
OI003128,O001702,P00086,2,184.08,368.16
OI003129,O001391,P00091,4,485.82,1943.28
OI003130,O000528,P00055,2,275.45,550.9
OI003131,O001427,P00053,3,82.78,248.34
OI003132,O001006,P00029,2,178.16,356.32
OI003133,O000967,P00016,5,105.12,525.6
OI003134,O000006,P00017,1,200.66,200.66
OI003135,O000450,P00005,4,475.41,1901.64
OI003136,O001507,P00001,5,142.91,714.55
OI003137,O001103,P00070,1,98.81,98.81
OI003138,O000461,P00010,4,96.18,384.72
OI003139,O000320,P00054,4,285.11,1140.44
OI003140,O001126,P00061,3,57.44,172.32
OI003141,O000307,P00068,5,256.07,1280.35
OI003142,O000441,P00095,1,212.29,212.29
OI003143,O001748,P00009,2,202.79,405.58
OI003144,O000886,P00099,2,319.37,638.74
OI003145,O001715,P00062,1,196.7,196.7
OI003146,O001896,P00011,4,350.87,1403.48
OI003147,O000858,P00100,3,195.93,587.79
OI003148,O000908,P00012,2,236.22,472.44
OI003149,O000316,P00024,4,18.64,74.56
OI003150,O001045,P00006,3,275.73,827.19
OI003151,O000456,P00047,3,119.73,359.19
OI003152,O000221,P00053,3,488.91,1466.73
OI003153,O000482,P00084,2,440.1,880.2
OI003154,O001409,P00096,5,23.62,118.1
OI003155,O000516,P00064,1,68.48,68.48
OI003156,O000531,P00041,3,291.64,874.92
OI003157,O000811,P00015,3,45.64,136.92
OI003158,O000906,P00029,4,223.98,895.92
OI003159,O001608,P00100,2,315.8,631.6
OI003160,O001301,P00041,1,97.84,97.84
OI003161,O001569,P00091,4,82.23,328.92
OI003162,O000704,P00010,5,108.49,542.45
OI003163,O001981,P00071,3,121.24,363.72
OI003164,O001835,P00043,3,333.02,999.06
OI003165,O000938,P00001,1,208.93,208.93
OI003166,O000664,P00029,3,227.31,681.93
OI003167,O001683,P00084,3,24.83,74.49
OI003168,O001678,P00063,3,466.46,1399.38
OI003169,O001471,P00030,2,67.6,135.2
OI003170,O000922,P00052,5,467.06,2335.3
OI003171,O000263,P00032,5,54.8,274.0
OI003172,O001239,P00061,4,434.29,1737.16
OI003173,O001326,P00092,2,463.1,926.2
OI003174,O001321,P00049,2,280.66,561.32
OI003175,O001872,P00019,3,55.88,167.64
OI003176,O001653,P00052,2,221.41,442.82
OI003177,O000424,P00089,2,457.68,915.36
OI003178,O001867,P00037,3,191.67,575.01
OI003179,O001157,P00034,1,93.03,93.03
OI003180,O000924,P00067,5,106.31,531.55
OI003181,O001142,P00096,4,417.72,1670.88
OI003182,O000192,P00089,4,354.97,1419.88
OI003183,O001840,P00056,4,96.38,385.52
OI003184,O001346,P00046,5,375.52,1877.6
OI003185,O000078,P00084,2,362.27,724.54
OI003186,O001323,P00099,1,288.13,288.13
OI003187,O001953,P00025,4,497.19,1988.76
OI003188,O000467,P00079,4,370.6,1482.4
OI003189,O001918,P00080,5,225.41,1127.05
OI003190,O001933,P00044,5,194.01,970.05
OI003191,O000155,P00082,2,178.05,356.1
OI003192,O000966,P00099,2,65.75,131.5
OI003193,O000966,P00004,1,151.17,151.17
OI003194,O001681,P00062,5,53.93,269.65
OI003195,O001517,P00077,1,292.89,292.89
OI003196,O001925,P00060,1,374.48,374.48
OI003197,O001637,P00092,5,122.67,613.35
OI003198,O001775,P00046,2,104.93,209.86
OI003199,O000183,P00079,4,120.17,480.68
OI003200,O000350,P00038,1,328.2,328.2
OI003201,O001892,P00098,2,348.45,696.9
OI003202,O000558,P00050,4,381.4,1525.6
OI003203,O000708,P00093,4,14.19,56.76
OI003204,O000577,P00099,5,294.22,1471.1
OI003205,O001396,P00085,3,234.09,702.27
OI003206,O001945,P00096,4,296.11,1184.44
OI003207,O001532,P00099,5,250.87,1254.35
OI003208,O001702,P00024,2,438.33,876.66
OI003209,O000902,P00031,4,203.59,814.36
OI003210,O000170,P00061,1,63.97,63.97
OI003211,O001428,P00095,5,286.58,1432.9
OI003212,O000438,P00038,1,437.84,437.84
OI003213,O000406,P00005,5,322.43,1612.15
OI003214,O000298,P00026,5,46.94,234.7
OI003215,O001612,P00037,1,53.95,53.95
OI003216,O001163,P00014,4,454.14,1816.56
OI003217,O001964,P00061,4,82.64,330.56
OI003218,O001589,P00003,4,42.29,169.16
OI003219,O001182,P00062,4,199.08,796.32
OI003220,O001376,P00088,1,453.33,453.33
OI003221,O001258,P00043,4,202.99,811.96
OI003222,O000883,P00009,5,470.69,2353.45
OI003223,O001743,P00047,4,476.39,1905.56
OI003224,O001315,P00005,2,199.8,399.6
OI003225,O000563,P00043,4,66.81,267.24
OI003226,O001795,P00099,4,380.64,1522.56
OI003227,O001196,P00064,1,448.05,448.05
OI003228,O000177,P00009,2,126.21,252.42
OI003229,O001007,P00054,2,118.0,236.0
OI003230,O001825,P00074,2,31.62,63.24
OI003231,O001618,P00028,5,77.08,385.4
OI003232,O000731,P00036,2,337.08,674.16
OI003233,O001944,P00045,5,177.95,889.75
OI003234,O000386,P00038,3,337.32,1011.96
OI003235,O000871,P00049,2,79.84,159.68
OI003236,O001788,P00097,5,482.32,2411.6
OI003237,O000522,P00034,1,448.53,448.53
OI003238,O001039,P00002,4,317.39,1269.56
OI003239,O001499,P00072,5,308.29,1541.45
OI003240,O000611,P00011,1,365.36,365.36
OI003241,O000584,P00004,3,486.01,1458.03
OI003242,O001537,P00062,5,99.48,497.4
OI003243,O000333,P00038,3,419.43,1258.29
OI003244,O001423,P00078,4,143.07,572.28
OI003245,O000535,P00059,4,93.29,373.16
OI003246,O000376,P00013,5,302.0,1510.0
OI003247,O000387,P00038,5,347.43,1737.15
OI003248,O001538,P00095,3,58.06,174.18
OI003249,O001813,P00071,4,335.26,1341.04
OI003250,O001175,P00039,2,341.34,682.68
OI003251,O000534,P00091,5,208.66,1043.3
OI003252,O000056,P00055,5,254.36,1271.8
OI003253,O001971,P00098,1,30.59,30.59
OI003254,O000647,P00033,5,30.95,154.75
OI003255,O000131,P00028,5,457.39,2286.95
OI003256,O000367,P00095,3,234.57,703.71
OI003257,O001929,P00071,2,109.15,218.3
OI003258,O001518,P00091,4,134.22,536.88
OI003259,O000804,P00077,2,128.55,257.1
OI003260,O000011,P00018,3,455.39,1366.17
OI003261,O001577,P00082,4,265.5,1062.0
OI003262,O000703,P00009,5,425.65,2128.25
OI003263,O000787,P00049,5,96.99,484.95
OI003264,O000698,P00072,4,342.08,1368.32
OI003265,O000278,P00070,2,21.3,42.6
OI003266,O000899,P00007,1,104.08,104.08
OI003267,O000733,P00003,4,179.06,716.24
OI003268,O001357,P00053,5,471.33,2356.65
OI003269,O001002,P00086,4,287.44,1149.76
OI003270,O001717,P00070,3,148.37,445.11
OI003271,O000056,P00029,4,238.03,952.12
OI003272,O000141,P00076,3,196.87,590.61
OI003273,O000761,P00098,4,480.55,1922.2
OI003274,O000103,P00066,4,143.97,575.88
OI003275,O000125,P00063,5,399.83,1999.15
OI003276,O000048,P00088,1,181.32,181.32
OI003277,O001134,P00008,1,391.28,391.28
OI003278,O001006,P00009,4,291.13,1164.52
OI003279,O001709,P00030,2,184.77,369.54
OI003280,O000452,P00056,2,338.82,677.64
OI003281,O000284,P00067,1,445.35,445.35
OI003282,O000979,P00042,5,419.49,2097.45
OI003283,O000586,P00001,2,69.7,139.4
OI003284,O000375,P00053,4,292.43,1169.72
OI003285,O000049,P00095,4,498.26,1993.04
OI003286,O000382,P00088,5,202.85,1014.25
OI003287,O000732,P00044,5,376.27,1881.35
OI003288,O001456,P00058,3,355.94,1067.82
OI003289,O000404,P00077,3,222.84,668.52
OI003290,O000068,P00025,5,131.7,658.5
OI003291,O001716,P00062,2,421.12,842.24
OI003292,O000538,P00058,1,98.55,98.55
OI003293,O001198,P00032,1,14.89,14.89
OI003294,O001360,P00077,4,44.12,176.48
OI003295,O001360,P00066,3,218.82,656.46
OI003296,O000971,P00026,2,480.11,960.22
OI003297,O000741,P00092,3,268.73,806.19
OI003298,O001013,P00075,4,95.4,381.6
OI003299,O001728,P00085,5,231.2,1156.0
OI003300,O000712,P00053,4,181.55,726.2
OI003301,O000128,P00021,3,248.53,745.59
OI003302,O001719,P00064,1,40.27,40.27
OI003303,O001129,P00091,5,487.11,2435.55
OI003304,O000912,P00094,3,56.69,170.07
OI003305,O000523,P00022,1,399.26,399.26
OI003306,O000060,P00098,4,481.25,1925.0
OI003307,O001742,P00038,3,100.6,301.8
OI003308,O000347,P00079,1,361.55,361.55
OI003309,O000944,P00069,5,32.1,160.5
OI003310,O001966,P00083,1,36.61,36.61
OI003311,O000675,P00040,3,179.73,539.19
OI003312,O001767,P00024,5,26.1,130.5
OI003313,O000222,P00022,4,299.47,1197.88
OI003314,O001500,P00057,1,157.1,157.1
OI003315,O000835,P00022,2,237.65,475.3
OI003316,O000258,P00069,2,139.88,279.76
OI003317,O000232,P00071,2,455.93,911.86
OI003318,O000938,P00064,2,211.25,422.5
OI003319,O000887,P00073,4,141.82,567.28
OI003320,O000879,P00022,1,418.49,418.49
OI003321,O000589,P00063,2,286.78,573.56
OI003322,O000989,P00001,2,348.56,697.12
OI003323,O000702,P00002,1,109.07,109.07
OI003324,O000905,P00098,4,204.31,817.24
OI003325,O000012,P00035,2,485.4,970.8
OI003326,O001047,P00075,5,408.05,2040.25
OI003327,O001639,P00059,2,133.21,266.42
OI003328,O001055,P00065,4,102.24,408.96
OI003329,O001191,P00008,3,317.11,951.33
OI003330,O001669,P00073,1,181.09,181.09
OI003331,O000231,P00034,2,267.03,534.06
OI003332,O000183,P00064,2,402.19,804.38
OI003333,O001133,P00071,3,168.63,505.89
OI003334,O001648,P00071,2,184.82,369.64
OI003335,O000652,P00017,1,145.65,145.65
OI003336,O000441,P00062,5,97.77,488.85
OI003337,O000921,P00054,2,357.73,715.46
OI003338,O001730,P00098,5,110.16,550.8
OI003339,O001981,P00034,3,338.08,1014.24
OI003340,O001501,P00082,4,157.27,629.08
OI003341,O001115,P00080,2,135.11,270.22
OI003342,O001175,P00022,4,483.56,1934.24
OI003343,O001243,P00081,3,172.3,516.9
OI003344,O000969,P00019,4,245.66,982.64
OI003345,O000730,P00092,5,410.51,2052.55
OI003346,O001097,P00035,1,214.0,214.0
OI003347,O000372,P00088,2,271.39,542.78
OI003348,O000820,P00087,1,176.83,176.83
OI003349,O000991,P00046,1,209.91,209.91
OI003350,O001670,P00054,3,290.81,872.43
OI003351,O001525,P00075,4,236.36,945.44
OI003352,O000430,P00036,5,282.27,1411.35
OI003353,O000038,P00022,4,221.12,884.48
OI003354,O001566,P00025,2,132.71,265.42
OI003355,O000315,P00014,4,380.88,1523.52
OI003356,O000681,P00010,3,247.06,741.18
OI003357,O000485,P00049,1,28.96,28.96
OI003358,O001466,P00058,4,320.93,1283.72
OI003359,O001828,P00023,1,87.44,87.44
OI003360,O000345,P00014,2,263.92,527.84
OI003361,O000659,P00078,4,463.42,1853.68
OI003362,O001643,P00065,3,385.37,1156.11
OI003363,O001405,P00025,3,355.57,1066.71
OI003364,O000828,P00022,3,58.19,174.57
OI003365,O000163,P00004,3,249.01,747.03
OI003366,O001426,P00087,1,296.39,296.39
OI003367,O001538,P00058,3,185.57,556.71
OI003368,O001285,P00067,5,490.38,2451.9
OI003369,O001706,P00071,1,491.82,491.82
OI003370,O001089,P00035,2,414.02,828.04
OI003371,O000144,P00066,1,163.24,163.24
OI003372,O001628,P00079,2,90.23,180.46
OI003373,O001138,P00058,5,472.46,2362.3
OI003374,O000545,P00070,3,273.53,820.59
OI003375,O000797,P00018,2,27.82,55.64
OI003376,O000469,P00097,3,169.44,508.32
OI003377,O000932,P00044,3,395.77,1187.31
OI003378,O000446,P00074,5,61.97,309.85
OI003379,O001767,P00020,5,53.69,268.45
OI003380,O000657,P00006,5,417.33,2086.65
OI003381,O001717,P00053,5,225.57,1127.85
OI003382,O001655,P00049,5,323.62,1618.1
OI003383,O001891,P00051,4,400.48,1601.92
OI003384,O000562,P00067,4,33.54,134.16
OI003385,O001271,P00044,5,154.72,773.6
OI003386,O001489,P00057,3,412.88,1238.64
OI003387,O001189,P00092,2,80.02,160.04
OI003388,O001617,P00028,3,217.91,653.73
OI003389,O000829,P00023,2,303.27,606.54
OI003390,O000673,P00078,3,463.47,1390.41
OI003391,O000606,P00016,1,393.94,393.94
OI003392,O001849,P00029,4,474.51,1898.04
OI003393,O001625,P00022,5,287.63,1438.15
OI003394,O000782,P00072,5,32.71,163.55
OI003395,O001311,P00049,4,271.4,1085.6
OI003396,O001063,P00054,1,310.93,310.93
OI003397,O000854,P00020,2,74.64,149.28
OI003398,O001943,P00032,5,365.54,1827.7
OI003399,O000440,P00084,3,65.55,196.65
OI003400,O001660,P00015,3,401.95,1205.85
OI003401,O001189,P00093,3,129.31,387.93
OI003402,O000740,P00010,4,421.98,1687.92
OI003403,O000604,P00053,4,89.93,359.72
OI003404,O000428,P00039,1,31.92,31.92
OI003405,O001666,P00047,4,221.95,887.8
OI003406,O000784,P00004,2,166.48,332.96
OI003407,O001235,P00062,1,378.96,378.96
OI003408,O000044,P00076,3,119.83,359.49
OI003409,O000411,P00077,5,213.37,1066.85
OI003410,O001015,P00079,5,431.35,2156.75
OI003411,O000943,P00015,4,454.17,1816.68
OI003412,O001850,P00013,4,436.55,1746.2
OI003413,O000847,P00008,5,233.99,1169.95
OI003414,O000063,P00041,1,476.49,476.49
OI003415,O000405,P00042,4,76.29,305.16
OI003416,O001025,P00055,5,198.58,992.9
OI003417,O000170,P00042,3,194.59,583.77
OI003418,O001943,P00023,4,412.43,1649.72
OI003419,O001434,P00085,3,411.13,1233.39
OI003420,O001473,P00031,2,312.4,624.8
OI003421,O000822,P00007,3,257.78,773.34
OI003422,O000305,P00014,1,276.69,276.69
OI003423,O000887,P00026,4,171.64,686.56
OI003424,O000098,P00043,5,180.36,901.8
OI003425,O001906,P00006,2,429.32,858.64
OI003426,O000047,P00085,2,337.45,674.9
OI003427,O000963,P00096,1,81.22,81.22
OI003428,O000307,P00098,5,241.29,1206.45
OI003429,O001905,P00031,4,353.29,1413.16
OI003430,O001799,P00053,4,455.16,1820.64
OI003431,O001999,P00020,3,416.19,1248.57
OI003432,O001627,P00082,3,182.16,546.48
OI003433,O000706,P00084,3,342.9,1028.7
OI003434,O001845,P00059,5,262.06,1310.3
OI003435,O000078,P00095,2,47.25,94.5
OI003436,O000049,P00079,4,234.54,938.16
OI003437,O000334,P00034,3,203.83,611.49
OI003438,O000324,P00089,2,97.56,195.12
OI003439,O000904,P00091,3,290.42,871.26
OI003440,O001521,P00017,1,390.79,390.79
OI003441,O000773,P00035,5,279.65,1398.25
OI003442,O000974,P00072,2,113.33,226.66
OI003443,O001006,P00021,1,16.72,16.72
OI003444,O001600,P00029,5,47.35,236.75
OI003445,O001688,P00002,3,116.25,348.75
OI003446,O000450,P00017,4,76.44,305.76
OI003447,O000837,P00080,2,406.39,812.78
OI003448,O000303,P00012,2,359.26,718.52
OI003449,O001852,P00014,4,496.97,1987.88
OI003450,O001805,P00069,4,438.63,1754.52
OI003451,O001863,P00068,4,114.2,456.8
OI003452,O001111,P00069,5,299.69,1498.45
OI003453,O000195,P00064,5,199.08,995.4
OI003454,O001752,P00100,1,393.0,393.0
OI003455,O000769,P00055,2,258.37,516.74
OI003456,O000587,P00031,1,35.96,35.96
OI003457,O001701,P00020,2,436.32,872.64
OI003458,O000534,P00053,4,27.77,111.08
OI003459,O001287,P00060,5,131.67,658.35
OI003460,O001836,P00098,2,144.99,289.98
OI003461,O000679,P00073,4,144.07,576.28
OI003462,O001992,P00022,2,291.11,582.22
OI003463,O000897,P00040,4,323.47,1293.88
OI003464,O000764,P00058,5,242.0,1210.0
OI003465,O001992,P00044,1,98.97,98.97
OI003466,O001700,P00047,1,82.78,82.78
OI003467,O000859,P00058,5,14.11,70.55
OI003468,O001103,P00037,1,76.97,76.97
OI003469,O001534,P00081,5,276.33,1381.65
OI003470,O000014,P00025,4,480.21,1920.84
OI003471,O001827,P00090,4,169.68,678.72
OI003472,O000691,P00097,3,347.51,1042.53
OI003473,O001596,P00090,1,315.03,315.03
OI003474,O000212,P00002,3,66.01,198.03
OI003475,O000137,P00019,5,407.37,2036.85
OI003476,O001319,P00052,3,122.63,367.89
OI003477,O001045,P00057,5,147.43,737.15
OI003478,O001930,P00026,1,82.24,82.24
OI003479,O001006,P00094,5,458.64,2293.2
OI003480,O000140,P00064,1,390.41,390.41
OI003481,O000231,P00006,4,214.23,856.92
OI003482,O000435,P00023,2,391.77,783.54
OI003483,O001687,P00083,2,271.37,542.74
OI003484,O000312,P00090,3,406.63,1219.89
OI003485,O000342,P00043,5,308.74,1543.7
OI003486,O001838,P00028,1,187.41,187.41
OI003487,O000296,P00077,2,420.46,840.92
OI003488,O000733,P00088,4,398.94,1595.76
OI003489,O001723,P00078,5,382.67,1913.35
OI003490,O001068,P00079,3,402.22,1206.66
OI003491,O000431,P00093,1,439.81,439.81
OI003492,O000949,P00053,1,111.06,111.06
OI003493,O000072,P00070,5,111.33,556.65
OI003494,O001204,P00014,3,368.67,1106.01
OI003495,O001940,P00097,1,487.58,487.58
OI003496,O000583,P00026,3,46.18,138.54
OI003497,O001835,P00058,2,433.45,866.9
OI003498,O001372,P00034,4,218.54,874.16
OI003499,O000375,P00068,5,305.63,1528.15
OI003500,O000951,P00100,2,290.68,581.36
OI003501,O000282,P00046,5,118.98,594.9
OI003502,O000737,P00032,4,193.78,775.12
OI003503,O000389,P00055,3,342.84,1028.52
OI003504,O001088,P00061,2,22.84,45.68
OI003505,O000972,P00001,4,212.03,848.12
OI003506,O001981,P00011,3,108.25,324.75
OI003507,O000526,P00076,2,247.81,495.62
OI003508,O001826,P00004,3,350.49,1051.47
OI003509,O000096,P00066,2,165.35,330.7
OI003510,O001185,P00074,5,85.3,426.5
OI003511,O001250,P00068,4,272.87,1091.48
OI003512,O001724,P00099,4,312.88,1251.52
OI003513,O000725,P00016,5,134.16,670.8
OI003514,O001867,P00005,2,383.73,767.46
OI003515,O001220,P00019,4,466.25,1865.0
OI003516,O001891,P00032,3,370.46,1111.38
OI003517,O001669,P00021,4,146.93,587.72
OI003518,O001480,P00027,3,161.12,483.36
OI003519,O000118,P00075,4,318.32,1273.28
OI003520,O000278,P00054,2,94.59,189.18
OI003521,O001646,P00093,3,81.63,244.89
OI003522,O000652,P00062,2,70.6,141.2
OI003523,O000554,P00010,2,24.72,49.44
OI003524,O000872,P00021,3,366.34,1099.02
OI003525,O001547,P00083,4,246.49,985.96
OI003526,O001238,P00050,3,220.27,660.81
OI003527,O001810,P00059,2,315.81,631.62
OI003528,O000435,P00096,5,384.66,1923.3
OI003529,O000573,P00055,2,185.0,370.0
OI003530,O000086,P00080,3,33.0,99.0
OI003531,O000498,P00047,2,285.42,570.84
OI003532,O000924,P00010,3,418.28,1254.84
OI003533,O001417,P00079,5,234.49,1172.45
OI003534,O001601,P00040,2,209.44,418.88
OI003535,O000265,P00044,2,107.72,215.44
OI003536,O000470,P00012,1,346.65,346.65
OI003537,O000884,P00083,4,61.41,245.64
OI003538,O000467,P00066,5,318.99,1594.95
OI003539,O000624,P00096,5,362.17,1810.85
OI003540,O001891,P00031,4,171.92,687.68
OI003541,O000928,P00068,2,241.75,483.5
OI003542,O001000,P00093,1,395.88,395.88
OI003543,O001164,P00096,1,387.56,387.56
OI003544,O000460,P00047,5,156.33,781.65
OI003545,O001333,P00094,4,293.93,1175.72
OI003546,O000817,P00013,3,51.94,155.82
OI003547,O000574,P00048,1,262.48,262.48
OI003548,O001906,P00079,4,82.32,329.28
OI003549,O000249,P00084,2,98.56,197.12
OI003550,O000987,P00027,1,177.35,177.35
OI003551,O001407,P00037,3,347.44,1042.32
OI003552,O000765,P00011,3,397.47,1192.41
OI003553,O000135,P00015,2,110.99,221.98
OI003554,O000246,P00055,3,364.86,1094.58
OI003555,O001144,P00091,2,138.59,277.18
OI003556,O000241,P00057,3,124.71,374.13
OI003557,O000415,P00076,3,34.1,102.3
OI003558,O001341,P00037,5,227.63,1138.15
OI003559,O000463,P00029,4,217.55,870.2
OI003560,O000950,P00037,1,406.8,406.8
OI003561,O001318,P00073,2,165.91,331.82
OI003562,O001567,P00075,4,229.86,919.44
OI003563,O000345,P00099,1,312.28,312.28
OI003564,O000170,P00047,5,237.18,1185.9
OI003565,O000524,P00003,3,85.69,257.07
OI003566,O001788,P00028,3,418.8,1256.4
OI003567,O001476,P00013,1,345.57,345.57
OI003568,O001585,P00014,3,372.27,1116.81
OI003569,O001708,P00048,1,180.99,180.99
OI003570,O001808,P00036,2,370.76,741.52
OI003571,O000668,P00054,2,330.66,661.32
OI003572,O001846,P00003,2,212.82,425.64
OI003573,O000559,P00056,2,394.85,789.7
OI003574,O000645,P00005,2,377.16,754.32
OI003575,O001979,P00039,2,164.96,329.92
OI003576,O000772,P00074,5,365.96,1829.8
OI003577,O000540,P00026,3,315.3,945.9
OI003578,O000936,P00066,4,151.43,605.72
OI003579,O001779,P00095,3,17.97,53.91
OI003580,O001459,P00052,3,331.15,993.45
OI003581,O001735,P00057,2,132.4,264.8
OI003582,O000262,P00090,2,270.63,541.26
OI003583,O000150,P00028,1,222.22,222.22
OI003584,O001688,P00018,2,183.82,367.64
OI003585,O001841,P00063,1,452.82,452.82
OI003586,O001823,P00046,1,300.61,300.61
OI003587,O001044,P00066,5,295.1,1475.5
OI003588,O001655,P00065,5,377.63,1888.15
OI003589,O001328,P00039,5,304.95,1524.75
OI003590,O001495,P00080,2,482.79,965.58
OI003591,O001310,P00046,3,149.88,449.64
OI003592,O001549,P00068,1,93.57,93.57
OI003593,O000576,P00091,5,155.31,776.55
OI003594,O001039,P00094,3,117.53,352.59
OI003595,O000093,P00012,2,309.56,619.12
OI003596,O000644,P00028,4,81.2,324.8
OI003597,O000776,P00007,2,228.97,457.94
OI003598,O000020,P00093,4,116.68,466.72
OI003599,O000046,P00090,2,385.21,770.42
OI003600,O001552,P00030,3,15.82,47.46
OI003601,O000564,P00050,4,169.89,679.56
OI003602,O000133,P00050,2,426.63,853.26
OI003603,O001462,P00048,2,348.89,697.78
OI003604,O000562,P00065,1,212.36,212.36
OI003605,O000853,P00044,1,135.22,135.22
OI003606,O001478,P00089,4,483.86,1935.44
OI003607,O001686,P00041,3,409.55,1228.65
OI003608,O001950,P00092,1,251.4,251.4
OI003609,O001404,P00033,4,414.31,1657.24
OI003610,O000356,P00026,1,263.74,263.74
OI003611,O000577,P00100,4,208.43,833.72
OI003612,O001186,P00083,1,371.01,371.01
OI003613,O001360,P00032,5,373.1,1865.5
OI003614,O000770,P00091,4,402.6,1610.4
OI003615,O001411,P00046,4,34.32,137.28
OI003616,O001561,P00023,4,155.64,622.56
OI003617,O000340,P00070,5,176.54,882.7
OI003618,O001899,P00055,2,26.28,52.56
OI003619,O000695,P00038,2,402.13,804.26
OI003620,O000238,P00086,3,170.68,512.04
OI003621,O000932,P00099,4,286.14,1144.56
OI003622,O001933,P00083,2,56.11,112.22
OI003623,O000664,P00028,3,434.53,1303.59
OI003624,O000610,P00082,1,443.77,443.77
OI003625,O001684,P00024,3,149.75,449.25
OI003626,O000117,P00094,4,141.44,565.76
OI003627,O000602,P00045,4,344.56,1378.24
OI003628,O001387,P00055,5,163.59,817.95
OI003629,O000360,P00076,1,409.77,409.77
OI003630,O001386,P00021,2,84.38,168.76
OI003631,O001566,P00071,1,433.62,433.62
OI003632,O001181,P00084,1,291.12,291.12
OI003633,O000945,P00044,4,349.38,1397.52
OI003634,O000642,P00029,2,385.19,770.38
OI003635,O001895,P00058,4,382.81,1531.24
OI003636,O001004,P00005,1,12.61,12.61
OI003637,O001833,P00052,2,12.2,24.4
OI003638,O001469,P00060,2,84.55,169.1
OI003639,O001054,P00069,4,468.33,1873.32
OI003640,O001722,P00051,1,165.23,165.23
OI003641,O001755,P00022,5,317.97,1589.85
OI003642,O001557,P00094,5,431.55,2157.75
OI003643,O001845,P00038,3,496.9,1490.7
OI003644,O001195,P00050,1,112.01,112.01
OI003645,O001715,P00100,5,277.74,1388.7
OI003646,O001007,P00002,1,192.77,192.77
OI003647,O001390,P00019,4,173.72,694.88
OI003648,O000731,P00072,1,363.17,363.17
OI003649,O000542,P00047,1,244.59,244.59
OI003650,O000551,P00077,4,76.75,307.0
OI003651,O001464,P00020,1,29.17,29.17
OI003652,O001409,P00081,4,332.01,1328.04
OI003653,O001099,P00010,4,127.1,508.4
OI003654,O001502,P00031,5,10.28,51.4
OI003655,O000160,P00061,2,86.26,172.52
OI003656,O001334,P00032,1,174.24,174.24
OI003657,O001267,P00073,1,352.53,352.53
OI003658,O001626,P00078,3,461.16,1383.48
OI003659,O000904,P00023,4,294.76,1179.04
OI003660,O001583,P00068,2,88.36,176.72
OI003661,O001272,P00090,3,390.87,1172.61
OI003662,O000340,P00009,4,141.98,567.92
OI003663,O000087,P00026,4,278.05,1112.2
OI003664,O000705,P00078,5,369.96,1849.8
OI003665,O000076,P00045,4,421.07,1684.28
OI003666,O001874,P00033,1,92.79,92.79
OI003667,O001035,P00082,4,336.74,1346.96
OI003668,O001717,P00027,2,178.05,356.1
OI003669,O001214,P00057,2,243.28,486.56
OI003670,O000549,P00057,1,34.39,34.39
OI003671,O000964,P00071,4,416.23,1664.92
OI003672,O000859,P00009,5,102.11,510.55
OI003673,O000087,P00071,1,329.92,329.92
OI003674,O001094,P00004,5,112.15,560.75
OI003675,O000356,P00100,5,279.12,1395.6
OI003676,O000310,P00054,4,492.21,1968.84
OI003677,O000902,P00095,1,442.14,442.14
OI003678,O001246,P00068,3,447.16,1341.48
OI003679,O001358,P00034,1,351.47,351.47
OI003680,O000655,P00025,1,355.77,355.77
OI003681,O000488,P00091,3,175.5,526.5
OI003682,O000741,P00091,2,196.38,392.76
OI003683,O000316,P00032,5,471.34,2356.7
OI003684,O001487,P00097,5,362.98,1814.9
OI003685,O000791,P00038,1,86.21,86.21
OI003686,O000247,P00022,4,433.29,1733.16
OI003687,O000629,P00032,5,174.54,872.7
OI003688,O000390,P00027,3,70.37,211.11
OI003689,O000190,P00003,5,24.39,121.95
OI003690,O000516,P00013,1,334.31,334.31
OI003691,O000610,P00084,5,405.2,2026.0
OI003692,O000251,P00055,1,108.24,108.24
OI003693,O000731,P00039,1,321.72,321.72
OI003694,O000334,P00083,1,195.06,195.06
OI003695,O001491,P00043,1,445.28,445.28
OI003696,O000048,P00011,1,167.39,167.39
OI003697,O000856,P00037,3,26.31,78.93
OI003698,O001581,P00027,1,259.74,259.74
OI003699,O001570,P00058,1,58.41,58.41
OI003700,O001866,P00039,3,406.57,1219.71
OI003701,O001014,P00030,2,445.08,890.16
OI003702,O001375,P00070,4,176.96,707.84
OI003703,O001417,P00004,3,309.17,927.51
OI003704,O000946,P00076,2,410.42,820.84
OI003705,O000608,P00075,4,265.39,1061.56
OI003706,O000442,P00030,2,74.65,149.3
OI003707,O000237,P00026,3,248.18,744.54
OI003708,O000844,P00092,4,483.66,1934.64
OI003709,O001695,P00058,3,226.18,678.54
OI003710,O001985,P00069,4,287.46,1149.84
OI003711,O000509,P00007,4,294.91,1179.64
OI003712,O001650,P00074,4,119.91,479.64
OI003713,O001975,P00087,2,290.25,580.5
OI003714,O001824,P00033,5,482.59,2412.95
OI003715,O001692,P00012,5,373.55,1867.75
OI003716,O001846,P00051,5,453.08,2265.4
OI003717,O001871,P00035,4,106.35,425.4
OI003718,O001174,P00031,3,379.99,1139.97
OI003719,O000172,P00056,5,169.57,847.85
OI003720,O000504,P00082,4,203.47,813.88
OI003721,O000902,P00033,2,140.74,281.48
OI003722,O000634,P00085,5,66.55,332.75
OI003723,O000469,P00066,1,34.81,34.81
OI003724,O001753,P00079,5,82.16,410.8
OI003725,O000370,P00064,4,361.79,1447.16
OI003726,O000914,P00017,2,335.35,670.7
OI003727,O000417,P00091,5,310.05,1550.25
OI003728,O001886,P00046,3,178.22,534.66
OI003729,O001060,P00016,2,212.0,424.0
OI003730,O000853,P00018,4,55.35,221.4
OI003731,O001216,P00033,3,76.43,229.29
OI003732,O000124,P00097,2,475.45,950.9
OI003733,O001553,P00028,3,449.55,1348.65
OI003734,O001595,P00018,5,37.34,186.7
OI003735,O000259,P00085,3,181.57,544.71
OI003736,O000950,P00032,5,316.2,1581.0
OI003737,O001165,P00039,1,429.56,429.56
OI003738,O000207,P00065,5,443.86,2219.3
OI003739,O001708,P00027,3,376.23,1128.69
OI003740,O001566,P00095,2,113.88,227.76
OI003741,O000387,P00072,1,165.45,165.45
OI003742,O000974,P00083,1,380.44,380.44
OI003743,O000491,P00007,5,112.46,562.3
OI003744,O001971,P00075,1,485.06,485.06
OI003745,O001619,P00073,3,398.22,1194.66
OI003746,O001272,P00035,1,257.51,257.51
OI003747,O001524,P00016,2,491.91,983.82
OI003748,O001554,P00095,3,293.41,880.23
OI003749,O001088,P00033,4,143.97,575.88
OI003750,O001161,P00043,3,187.45,562.35
OI003751,O001994,P00048,2,261.69,523.38
OI003752,O000887,P00046,2,456.83,913.66
OI003753,O001565,P00080,5,477.53,2387.65
OI003754,O000172,P00045,1,445.39,445.39
OI003755,O001863,P00025,2,274.82,549.64
OI003756,O001321,P00009,5,263.47,1317.35
OI003757,O000085,P00003,5,33.93,169.65
OI003758,O000667,P00084,2,320.62,641.24
OI003759,O000666,P00051,3,60.06,180.18
OI003760,O000947,P00053,4,73.69,294.76
OI003761,O001109,P00079,3,153.58,460.74
OI003762,O000437,P00091,3,477.87,1433.61
OI003763,O001067,P00100,4,143.91,575.64
OI003764,O001698,P00038,1,326.44,326.44
OI003765,O000624,P00034,5,436.89,2184.45
OI003766,O001385,P00024,4,284.73,1138.92
OI003767,O000044,P00061,1,431.93,431.93
OI003768,O000597,P00046,5,219.38,1096.9
OI003769,O000755,P00036,4,419.22,1676.88
OI003770,O000571,P00021,3,111.2,333.6
OI003771,O000549,P00089,2,63.64,127.28
OI003772,O000995,P00090,5,298.87,1494.35
OI003773,O001549,P00030,5,55.24,276.2
OI003774,O000383,P00080,5,79.89,399.45
OI003775,O001495,P00097,3,419.47,1258.41
OI003776,O000144,P00011,5,400.44,2002.2
OI003777,O000789,P00036,3,74.27,222.81
OI003778,O000241,P00020,1,273.64,273.64
OI003779,O000774,P00021,2,444.03,888.06
OI003780,O001970,P00018,3,462.0,1386.0
OI003781,O001893,P00007,5,453.74,2268.7
OI003782,O000150,P00074,5,246.61,1233.05
OI003783,O000658,P00036,2,305.41,610.82
OI003784,O000679,P00001,1,181.66,181.66
OI003785,O001899,P00096,1,21.33,21.33
OI003786,O000680,P00022,5,108.41,542.05
OI003787,O001981,P00064,4,59.41,237.64
OI003788,O001264,P00012,1,50.79,50.79
OI003789,O000450,P00063,2,197.74,395.48
OI003790,O000830,P00022,3,323.45,970.35
OI003791,O000100,P00097,5,406.6,2033.0
OI003792,O001552,P00032,2,72.33,144.66
OI003793,O000907,P00090,2,268.83,537.66
OI003794,O000901,P00014,2,100.99,201.98
OI003795,O000385,P00006,4,346.33,1385.32
OI003796,O000272,P00026,5,487.99,2439.95
OI003797,O001132,P00093,5,351.39,1756.95
OI003798,O000894,P00001,2,153.13,306.26
OI003799,O001815,P00053,5,193.66,968.3
OI003800,O001513,P00061,1,79.91,79.91
OI003801,O000594,P00051,2,258.91,517.82
OI003802,O000452,P00065,4,395.12,1580.48
OI003803,O000290,P00003,5,270.16,1350.8
OI003804,O000311,P00037,3,281.93,845.79
OI003805,O001839,P00033,1,416.32,416.32
OI003806,O001626,P00004,3,257.0,771.0
OI003807,O001353,P00013,5,153.9,769.5
OI003808,O001312,P00042,2,269.98,539.96
OI003809,O000141,P00075,1,103.85,103.85
OI003810,O001582,P00076,1,497.25,497.25
OI003811,O000226,P00078,3,44.95,134.85
OI003812,O001382,P00001,5,359.75,1798.75
OI003813,O001967,P00013,4,362.06,1448.24
OI003814,O001806,P00089,1,219.7,219.7
OI003815,O000475,P00066,2,68.51,137.02
OI003816,O000214,P00019,2,308.31,616.62
OI003817,O001431,P00027,3,313.03,939.09
OI003818,O000527,P00071,5,189.45,947.25
OI003819,O000957,P00099,3,287.24,861.72
OI003820,O001935,P00072,4,354.11,1416.44
OI003821,O000878,P00045,1,82.74,82.74
OI003822,O000145,P00006,3,341.62,1024.86
OI003823,O000949,P00028,2,389.7,779.4
OI003824,O001502,P00063,3,173.53,520.59
OI003825,O001357,P00022,5,18.15,90.75
OI003826,O001572,P00026,5,312.7,1563.5
OI003827,O000792,P00062,4,17.27,69.08
OI003828,O001102,P00006,3,119.61,358.83
OI003829,O001569,P00040,1,343.4,343.4
OI003830,O001391,P00015,4,150.72,602.88
OI003831,O000730,P00036,5,284.03,1420.15
OI003832,O000598,P00040,1,122.56,122.56
OI003833,O001486,P00046,4,224.19,896.76
OI003834,O000772,P00066,1,485.91,485.91
OI003835,O000832,P00005,2,410.69,821.38
OI003836,O001065,P00042,4,343.41,1373.64
OI003837,O001457,P00037,4,479.52,1918.08
OI003838,O001172,P00026,2,65.61,131.22
OI003839,O000816,P00044,2,264.08,528.16
OI003840,O000982,P00097,5,362.26,1811.3
OI003841,O000993,P00020,5,436.13,2180.65
OI003842,O001304,P00023,5,453.65,2268.25
OI003843,O001687,P00096,5,148.4,742.0
OI003844,O001403,P00086,5,204.01,1020.05
OI003845,O000749,P00096,1,129.27,129.27
OI003846,O001657,P00027,2,190.53,381.06
OI003847,O000585,P00089,5,159.6,798.0
OI003848,O000385,P00042,1,261.86,261.86
OI003849,O000242,P00015,2,481.79,963.58
OI003850,O001742,P00070,5,50.57,252.85
OI003851,O000824,P00080,3,72.66,217.98
OI003852,O000279,P00013,5,126.48,632.4
OI003853,O000333,P00052,2,144.7,289.4
OI003854,O001310,P00094,5,425.8,2129.0
OI003855,O000935,P00060,2,268.26,536.52
OI003856,O001942,P00067,1,99.4,99.4
OI003857,O001817,P00057,2,257.66,515.32
OI003858,O001041,P00016,5,384.62,1923.1
OI003859,O000630,P00066,3,321.4,964.2
OI003860,O001662,P00093,3,113.99,341.97
OI003861,O001199,P00098,5,389.3,1946.5
OI003862,O001454,P00013,1,54.54,54.54
OI003863,O000177,P00037,3,416.47,1249.41
OI003864,O000304,P00025,1,179.53,179.53
OI003865,O001256,P00090,5,45.35,226.75
OI003866,O001792,P00022,5,245.3,1226.5
OI003867,O000775,P00086,3,232.91,698.73
OI003868,O000243,P00063,4,381.09,1524.36
OI003869,O000555,P00036,5,227.97,1139.85
OI003870,O001837,P00050,1,181.86,181.86
OI003871,O001095,P00075,4,11.51,46.04
OI003872,O001910,P00040,1,117.96,117.96
OI003873,O000432,P00032,2,197.03,394.06
OI003874,O001815,P00047,5,441.69,2208.45
OI003875,O001004,P00081,1,348.4,348.4
OI003876,O001113,P00063,3,200.0,600.0
OI003877,O001185,P00091,4,56.34,225.36
OI003878,O000998,P00031,5,160.84,804.2
OI003879,O000022,P00052,5,405.48,2027.4
OI003880,O000032,P00087,1,280.09,280.09
OI003881,O001208,P00078,3,88.05,264.15
OI003882,O001279,P00088,1,449.44,449.44
OI003883,O000229,P00029,1,350.47,350.47
OI003884,O001204,P00001,5,432.05,2160.25
OI003885,O000065,P00069,4,477.31,1909.24
OI003886,O001832,P00013,4,466.95,1867.8
OI003887,O001996,P00042,2,96.48,192.96
OI003888,O001601,P00055,3,137.71,413.13
OI003889,O001757,P00022,5,60.6,303.0
OI003890,O001212,P00033,4,364.88,1459.52
OI003891,O001832,P00018,1,207.64,207.64
OI003892,O000536,P00040,5,455.38,2276.9
OI003893,O000014,P00009,3,284.8,854.4
OI003894,O001626,P00027,2,122.4,244.8
OI003895,O000936,P00061,5,489.15,2445.75
OI003896,O001491,P00044,2,244.76,489.52
OI003897,O001028,P00015,1,123.51,123.51
OI003898,O001003,P00069,4,253.74,1014.96
OI003899,O001849,P00015,5,128.07,640.35
OI003900,O000327,P00064,2,183.37,366.74
OI003901,O000902,P00068,4,200.63,802.52
OI003902,O001843,P00074,1,123.6,123.6
OI003903,O001422,P00093,5,295.89,1479.45
OI003904,O000822,P00059,5,178.59,892.95
OI003905,O000415,P00008,1,271.78,271.78
OI003906,O000667,P00055,3,420.9,1262.7
OI003907,O001320,P00089,1,162.87,162.87
OI003908,O000319,P00074,2,471.21,942.42
OI003909,O000334,P00089,5,165.61,828.05
OI003910,O000030,P00003,4,291.43,1165.72
OI003911,O001823,P00059,5,311.78,1558.9
OI003912,O000437,P00077,2,22.17,44.34
OI003913,O000265,P00001,4,268.81,1075.24
OI003914,O001018,P00062,1,221.42,221.42
OI003915,O001371,P00081,3,119.72,359.16
OI003916,O000754,P00060,4,162.7,650.8
OI003917,O001789,P00057,2,448.93,897.86
OI003918,O001640,P00095,3,372.23,1116.69
OI003919,O001556,P00061,2,72.5,145.0
OI003920,O000664,P00042,3,148.81,446.43
OI003921,O001602,P00065,4,139.14,556.56
OI003922,O001620,P00038,5,203.46,1017.3
OI003923,O001621,P00098,5,16.39,81.95
OI003924,O001379,P00019,1,275.69,275.69
OI003925,O001950,P00016,5,426.89,2134.45
OI003926,O001221,P00014,4,471.17,1884.68
OI003927,O001442,P00085,4,323.76,1295.04
OI003928,O001230,P00033,5,331.02,1655.1
OI003929,O000788,P00051,2,328.59,657.18
OI003930,O000418,P00076,3,130.25,390.75
OI003931,O000340,P00079,1,250.28,250.28
OI003932,O001844,P00003,4,189.51,758.04
OI003933,O001520,P00097,1,144.8,144.8
OI003934,O001198,P00100,2,63.88,127.76
OI003935,O000579,P00047,1,351.88,351.88
OI003936,O000898,P00023,1,349.12,349.12
OI003937,O001483,P00095,1,372.84,372.84
OI003938,O001324,P00005,4,39.03,156.12
OI003939,O001400,P00077,2,296.22,592.44
OI003940,O000698,P00008,2,385.82,771.64
OI003941,O001829,P00075,4,287.87,1151.48
OI003942,O001387,P00031,1,219.03,219.03
OI003943,O001532,P00061,1,427.76,427.76
OI003944,O001204,P00072,4,59.71,238.84
OI003945,O000488,P00085,4,465.19,1860.76
OI003946,O001014,P00084,4,304.41,1217.64
OI003947,O001483,P00067,3,309.23,927.69
OI003948,O000669,P00074,5,260.69,1303.45
OI003949,O001200,P00066,4,195.4,781.6
OI003950,O001341,P00034,1,205.93,205.93
OI003951,O000766,P00095,2,84.28,168.56
OI003952,O001208,P00067,5,395.13,1975.65
OI003953,O001965,P00063,4,432.19,1728.76
OI003954,O001295,P00012,1,315.47,315.47
OI003955,O000651,P00036,3,71.48,214.44
OI003956,O001147,P00089,1,457.5,457.5
OI003957,O001419,P00090,4,433.71,1734.84
OI003958,O000931,P00031,1,144.0,144.0
OI003959,O000386,P00073,2,95.79,191.58
OI003960,O000331,P00004,5,51.82,259.1
OI003961,O001577,P00070,4,68.32,273.28
OI003962,O000076,P00006,2,139.03,278.06
OI003963,O001224,P00099,5,32.08,160.4
OI003964,O001961,P00033,2,290.75,581.5
OI003965,O001112,P00066,4,49.79,199.16
OI003966,O000951,P00012,5,442.02,2210.1
OI003967,O001349,P00067,2,266.02,532.04
OI003968,O001413,P00009,4,97.55,390.2
OI003969,O000124,P00022,2,98.26,196.52
OI003970,O001807,P00011,1,176.96,176.96
OI003971,O000360,P00048,3,241.58,724.74
OI003972,O000006,P00024,5,281.53,1407.65
OI003973,O000989,P00042,5,358.49,1792.45
OI003974,O001552,P00024,2,290.95,581.9
OI003975,O000370,P00055,4,404.5,1618.0
OI003976,O001865,P00030,3,482.35,1447.05
OI003977,O000566,P00019,4,85.53,342.12
OI003978,O000479,P00042,1,125.41,125.41
OI003979,O000909,P00083,5,180.88,904.4
OI003980,O001617,P00029,3,90.19,270.57
OI003981,O000884,P00024,5,12.29,61.45
OI003982,O001948,P00091,1,104.72,104.72
OI003983,O001005,P00088,4,154.98,619.92
OI003984,O000571,P00033,5,188.75,943.75
OI003985,O001719,P00004,2,140.3,280.6
OI003986,O000272,P00036,2,37.25,74.5
OI003987,O001906,P00100,5,308.63,1543.15
OI003988,O001181,P00063,2,95.33,190.66
OI003989,O001317,P00063,5,148.62,743.1
OI003990,O000408,P00077,3,364.63,1093.89
OI003991,O000663,P00024,2,141.48,282.96
OI003992,O001856,P00044,5,449.44,2247.2
OI003993,O000628,P00084,3,245.69,737.07
OI003994,O000287,P00039,1,315.62,315.62
OI003995,O000045,P00077,4,488.85,1955.4
OI003996,O001152,P00034,5,382.98,1914.9
OI003997,O000903,P00045,3,391.9,1175.7
OI003998,O001439,P00046,5,108.46,542.3
OI003999,O001027,P00037,5,339.26,1696.3
OI004000,O001928,P00056,2,306.95,613.9
OI004001,O001639,P00049,3,256.28,768.84
OI004002,O000750,P00071,1,94.43,94.43
OI004003,O000325,P00074,2,382.8,765.6
OI004004,O000825,P00022,1,352.57,352.57
OI004005,O001123,P00082,4,32.59,130.36
OI004006,O000776,P00082,2,48.42,96.84
OI004007,O001893,P00046,2,388.48,776.96
OI004008,O001829,P00045,3,31.33,93.99
OI004009,O001857,P00030,5,136.01,680.05
OI004010,O000213,P00084,5,175.4,877.0
OI004011,O000692,P00092,1,176.75,176.75
OI004012,O001500,P00038,2,139.8,279.6
OI004013,O001957,P00082,3,338.52,1015.56
OI004014,O001222,P00095,5,14.75,73.75
OI004015,O001964,P00026,3,491.0,1473.0
OI004016,O000797,P00046,3,487.81,1463.43
OI004017,O000859,P00082,1,271.12,271.12
OI004018,O001221,P00099,5,441.21,2206.05
OI004019,O000978,P00034,2,412.75,825.5
OI004020,O001377,P00008,1,184.22,184.22
OI004021,O001072,P00060,3,334.2,1002.6
OI004022,O001508,P00067,2,226.55,453.1
OI004023,O001223,P00066,2,479.9,959.8
OI004024,O000761,P00099,3,136.16,408.48
OI004025,O001283,P00016,1,35.41,35.41
OI004026,O000933,P00059,2,285.3,570.6
OI004027,O000446,P00055,5,31.58,157.9
OI004028,O001370,P00086,1,241.24,241.24
OI004029,O001584,P00043,5,101.79,508.95
OI004030,O001355,P00021,3,379.48,1138.44
OI004031,O001716,P00027,1,47.65,47.65
OI004032,O001983,P00052,4,266.24,1064.96
OI004033,O001296,P00025,5,257.12,1285.6
OI004034,O000025,P00076,2,291.0,582.0
OI004035,O001603,P00014,3,150.48,451.44
OI004036,O000441,P00087,2,195.73,391.46
OI004037,O000385,P00062,5,416.43,2082.15
OI004038,O001012,P00034,5,39.27,196.35
OI004039,O000253,P00068,3,420.69,1262.07
OI004040,O000040,P00025,2,290.6,581.2
OI004041,O001832,P00023,1,301.83,301.83
OI004042,O001729,P00074,5,35.08,175.4
OI004043,O000244,P00096,4,28.24,112.96
OI004044,O000086,P00025,5,324.15,1620.75
OI004045,O000049,P00032,3,245.29,735.87
OI004046,O001610,P00098,5,497.6,2488.0
OI004047,O001471,P00017,4,175.39,701.56
OI004048,O000840,P00087,2,353.05,706.1
OI004049,O000677,P00051,1,256.68,256.68
OI004050,O001384,P00043,1,124.53,124.53
OI004051,O000918,P00047,5,38.78,193.9
OI004052,O001445,P00026,5,290.07,1450.35
OI004053,O001623,P00068,3,444.04,1332.12
OI004054,O000370,P00055,2,221.84,443.68
OI004055,O000403,P00092,3,239.6,718.8
OI004056,O000273,P00098,2,292.23,584.46
OI004057,O000279,P00065,3,439.81,1319.43
OI004058,O001966,P00073,3,24.28,72.84
OI004059,O000411,P00036,5,364.96,1824.8
OI004060,O000932,P00064,1,145.9,145.9
OI004061,O001676,P00099,1,467.64,467.64
OI004062,O000369,P00011,5,238.45,1192.25
OI004063,O001978,P00058,3,378.42,1135.26
OI004064,O001903,P00088,3,104.88,314.64
OI004065,O001057,P00065,1,407.45,407.45
OI004066,O000487,P00073,5,219.26,1096.3
OI004067,O001786,P00085,3,374.69,1124.07
OI004068,O000885,P00096,4,87.58,350.32
OI004069,O001220,P00081,2,245.18,490.36
OI004070,O000887,P00082,2,66.34,132.68
OI004071,O000745,P00072,5,32.6,163.0
OI004072,O000628,P00057,1,174.08,174.08
OI004073,O001297,P00053,2,310.05,620.1
OI004074,O000655,P00015,3,129.55,388.65
OI004075,O001678,P00091,3,394.72,1184.16
OI004076,O000280,P00083,2,311.34,622.68
OI004077,O001470,P00073,3,441.01,1323.03
OI004078,O001258,P00033,5,76.78,383.9
OI004079,O001915,P00096,4,337.78,1351.12
OI004080,O000377,P00096,2,309.56,619.12
OI004081,O000562,P00092,2,171.06,342.12
OI004082,O001695,P00022,2,234.16,468.32
OI004083,O001921,P00098,1,21.72,21.72
OI004084,O001449,P00074,2,480.26,960.52
OI004085,O001078,P00011,1,108.55,108.55
OI004086,O001051,P00027,1,241.83,241.83
OI004087,O000254,P00048,3,242.48,727.44
OI004088,O000366,P00029,2,122.6,245.2
OI004089,O001974,P00088,1,229.39,229.39
OI004090,O001561,P00089,2,312.67,625.34
OI004091,O001517,P00067,4,404.78,1619.12
OI004092,O001117,P00068,4,244.37,977.48
OI004093,O001819,P00096,4,299.54,1198.16
OI004094,O001842,P00014,4,340.88,1363.52
OI004095,O000740,P00043,2,115.36,230.72
OI004096,O001532,P00067,5,18.64,93.2
OI004097,O001624,P00082,3,458.08,1374.24
OI004098,O000662,P00051,4,195.63,782.52
OI004099,O000862,P00024,5,471.61,2358.05
OI004100,O001641,P00032,5,357.48,1787.4
OI004101,O000122,P00053,1,368.19,368.19
OI004102,O001316,P00007,3,138.62,415.86
OI004103,O000089,P00030,1,490.35,490.35
OI004104,O001236,P00021,3,176.53,529.59
OI004105,O001569,P00075,2,168.8,337.6
OI004106,O001067,P00079,4,194.12,776.48
OI004107,O001836,P00016,5,112.09,560.45
OI004108,O001104,P00022,1,439.7,439.7
OI004109,O001020,P00098,3,124.55,373.65
OI004110,O000841,P00096,1,461.47,461.47
OI004111,O000940,P00001,5,205.18,1025.9
OI004112,O000281,P00001,5,431.67,2158.35
OI004113,O001285,P00098,5,20.16,100.8
OI004114,O000824,P00093,1,194.41,194.41
OI004115,O001478,P00087,4,303.45,1213.8
OI004116,O000687,P00063,5,442.0,2210.0
OI004117,O000436,P00042,4,158.61,634.44
OI004118,O000902,P00095,3,495.29,1485.87
OI004119,O001629,P00071,3,129.72,389.16
OI004120,O000551,P00038,2,131.13,262.26
OI004121,O000908,P00076,3,26.52,79.56
OI004122,O000697,P00079,2,496.29,992.58
OI004123,O000848,P00055,5,246.78,1233.9
OI004124,O000672,P00036,1,50.25,50.25
OI004125,O000056,P00024,4,261.3,1045.2
OI004126,O000801,P00029,1,137.72,137.72
OI004127,O001127,P00071,2,21.87,43.74
OI004128,O000128,P00097,3,365.71,1097.13
OI004129,O000252,P00100,2,364.79,729.58
OI004130,O000823,P00015,3,289.39,868.17
OI004131,O000049,P00066,1,451.89,451.89
OI004132,O000893,P00041,1,207.32,207.32
OI004133,O000920,P00065,4,36.68,146.72
OI004134,O000141,P00040,3,482.92,1448.76
OI004135,O001756,P00088,5,337.85,1689.25
OI004136,O001721,P00002,2,139.55,279.1
OI004137,O000649,P00036,3,34.7,104.1
OI004138,O001704,P00043,4,184.4,737.6
OI004139,O001818,P00038,4,485.65,1942.6
OI004140,O001987,P00001,2,243.35,486.7
OI004141,O001606,P00051,5,473.84,2369.2
OI004142,O000771,P00077,4,439.16,1756.64
OI004143,O001948,P00037,1,420.9,420.9
OI004144,O001076,P00012,1,145.89,145.89
OI004145,O000623,P00038,3,87.4,262.2
OI004146,O000493,P00058,5,476.43,2382.15
OI004147,O001448,P00073,5,356.18,1780.9
OI004148,O001276,P00005,2,291.07,582.14
OI004149,O001953,P00050,1,97.35,97.35
OI004150,O000481,P00081,2,56.25,112.5
OI004151,O001587,P00007,2,210.72,421.44
OI004152,O001236,P00062,1,114.77,114.77
OI004153,O001872,P00044,3,324.53,973.59
OI004154,O001323,P00098,2,47.11,94.22
OI004155,O001788,P00026,3,247.48,742.44
OI004156,O000088,P00070,4,143.72,574.88
OI004157,O000331,P00027,4,331.63,1326.52
OI004158,O001716,P00057,1,232.13,232.13
OI004159,O000958,P00059,3,128.9,386.7
OI004160,O001177,P00036,3,213.14,639.42
OI004161,O000363,P00039,4,395.93,1583.72
OI004162,O000138,P00012,4,407.39,1629.56
OI004163,O000876,P00039,5,470.04,2350.2
OI004164,O000028,P00096,1,240.17,240.17
OI004165,O000892,P00085,4,126.85,507.4
OI004166,O000326,P00059,3,409.33,1227.99
OI004167,O000663,P00055,4,76.96,307.84
OI004168,O001517,P00025,5,16.7,83.5
OI004169,O000619,P00022,1,256.51,256.51
OI004170,O000228,P00091,3,475.67,1427.01
OI004171,O000996,P00065,1,36.79,36.79
OI004172,O001089,P00030,1,69.61,69.61
OI004173,O000451,P00039,3,115.17,345.51
OI004174,O000238,P00010,4,481.7,1926.8
OI004175,O000127,P00100,4,454.55,1818.2
OI004176,O001301,P00002,3,363.58,1090.74
OI004177,O001346,P00027,5,123.81,619.05
OI004178,O001252,P00041,4,242.19,968.76
OI004179,O001086,P00023,2,106.18,212.36
OI004180,O001021,P00063,1,48.88,48.88
OI004181,O000837,P00010,1,44.81,44.81
OI004182,O000808,P00007,2,175.38,350.76
OI004183,O001127,P00054,1,111.93,111.93
OI004184,O001674,P00080,4,113.68,454.72
OI004185,O000243,P00065,5,352.1,1760.5
OI004186,O001364,P00043,2,143.4,286.8
OI004187,O000951,P00073,4,362.66,1450.64
OI004188,O000631,P00081,3,385.92,1157.76
OI004189,O000839,P00011,5,377.1,1885.5
OI004190,O000288,P00083,1,414.63,414.63
OI004191,O000741,P00074,1,274.41,274.41
OI004192,O000843,P00058,1,463.69,463.69
OI004193,O000042,P00046,1,225.74,225.74
OI004194,O001149,P00089,3,482.38,1447.14
OI004195,O001675,P00008,4,110.1,440.4
OI004196,O000520,P00014,4,336.52,1346.08
OI004197,O000619,P00089,4,271.72,1086.88
OI004198,O001036,P00052,2,265.65,531.3
OI004199,O000905,P00041,3,423.43,1270.29
OI004200,O001774,P00079,1,496.3,496.3
OI004201,O001599,P00002,2,50.84,101.68
OI004202,O000796,P00088,4,163.65,654.6
OI004203,O000194,P00077,3,59.09,177.27
OI004204,O000703,P00015,3,151.11,453.33
OI004205,O000255,P00032,5,365.5,1827.5
OI004206,O001766,P00004,3,392.3,1176.9
OI004207,O001450,P00096,4,434.69,1738.76
OI004208,O000047,P00042,5,223.36,1116.8
OI004209,O000982,P00010,3,66.07,198.21
OI004210,O001717,P00044,4,213.16,852.64
OI004211,O000959,P00028,3,41.49,124.47
OI004212,O000722,P00022,5,322.85,1614.25
OI004213,O001060,P00042,5,121.19,605.95
OI004214,O001395,P00050,4,73.8,295.2
OI004215,O000562,P00098,5,473.19,2365.95
OI004216,O000097,P00006,3,275.9,827.7
OI004217,O001491,P00001,4,75.74,302.96
OI004218,O001861,P00050,5,67.37,336.85
OI004219,O001589,P00065,4,181.68,726.72
OI004220,O000520,P00097,1,276.35,276.35
OI004221,O000719,P00077,3,411.49,1234.47
OI004222,O001068,P00013,5,177.64,888.2
OI004223,O000383,P00015,1,160.12,160.12
OI004224,O001483,P00091,1,379.81,379.81
OI004225,O001949,P00077,5,102.53,512.65
OI004226,O001254,P00013,3,423.14,1269.42
OI004227,O000629,P00039,2,325.33,650.66
OI004228,O000241,P00092,3,181.24,543.72
OI004229,O000365,P00041,4,328.88,1315.52
OI004230,O001541,P00048,2,213.9,427.8
OI004231,O001485,P00025,5,105.26,526.3
OI004232,O001984,P00009,4,65.34,261.36
OI004233,O001921,P00010,5,334.32,1671.6
OI004234,O001931,P00056,1,399.8,399.8
OI004235,O000618,P00046,5,355.21,1776.05
OI004236,O000498,P00070,2,24.05,48.1
OI004237,O001382,P00044,4,295.38,1181.52
OI004238,O001127,P00057,4,186.09,744.36
OI004239,O001013,P00004,4,498.06,1992.24
OI004240,O000827,P00086,2,239.37,478.74
OI004241,O001088,P00029,4,31.72,126.88
OI004242,O001448,P00093,5,345.34,1726.7
OI004243,O000573,P00007,1,417.18,417.18
OI004244,O001783,P00038,1,287.47,287.47
OI004245,O001736,P00010,5,159.94,799.7
OI004246,O000088,P00056,3,324.56,973.68
OI004247,O000897,P00078,2,115.3,230.6
OI004248,O001427,P00084,3,242.46,727.38
OI004249,O001380,P00017,5,231.91,1159.55
OI004250,O000594,P00058,2,415.38,830.76
OI004251,O001600,P00026,4,235.55,942.2
OI004252,O001402,P00098,2,212.27,424.54
OI004253,O000530,P00098,3,60.52,181.56
OI004254,O001641,P00098,4,231.96,927.84
OI004255,O001466,P00077,5,456.02,2280.1
OI004256,O000811,P00071,3,132.3,396.9
OI004257,O001257,P00078,3,453.65,1360.95
OI004258,O001184,P00057,4,181.48,725.92
OI004259,O000676,P00089,3,156.0,468.0
OI004260,O000178,P00069,2,205.41,410.82
OI004261,O001145,P00012,3,202.74,608.22
OI004262,O001611,P00091,2,481.8,963.6
OI004263,O001660,P00071,3,455.03,1365.09
OI004264,O000986,P00076,3,17.24,51.72
OI004265,O000822,P00019,1,410.0,410.0
OI004266,O000888,P00055,4,66.52,266.08
OI004267,O000052,P00003,4,312.03,1248.12
OI004268,O001819,P00027,4,233.87,935.48
OI004269,O000796,P00045,4,12.75,51.0
OI004270,O001005,P00072,1,231.88,231.88
OI004271,O001510,P00017,1,92.36,92.36
OI004272,O000556,P00032,1,342.98,342.98
OI004273,O000758,P00068,4,225.86,903.44
OI004274,O001644,P00051,2,49.97,99.94
OI004275,O001271,P00092,4,381.87,1527.48
OI004276,O001582,P00008,3,71.59,214.77
OI004277,O000939,P00035,5,95.97,479.85
OI004278,O001400,P00018,1,73.28,73.28
OI004279,O000862,P00020,4,25.96,103.84
OI004280,O000528,P00081,3,318.72,956.16
OI004281,O000849,P00099,5,134.36,671.8
OI004282,O000529,P00048,3,492.84,1478.52
OI004283,O000463,P00051,1,226.55,226.55
OI004284,O001940,P00080,4,411.98,1647.92
OI004285,O001564,P00011,1,468.24,468.24
OI004286,O001131,P00072,4,219.34,877.36
OI004287,O001613,P00080,3,170.99,512.97
OI004288,O001415,P00042,4,403.0,1612.0
OI004289,O001333,P00038,5,319.48,1597.4
OI004290,O001388,P00084,3,70.6,211.8
OI004291,O000591,P00048,3,468.09,1404.27
OI004292,O001556,P00002,5,129.34,646.7
OI004293,O001177,P00036,3,104.01,312.03
OI004294,O001417,P00055,1,93.34,93.34
OI004295,O001559,P00087,3,50.33,150.99
OI004296,O001642,P00020,2,15.08,30.16
OI004297,O001686,P00012,2,200.69,401.38
OI004298,O000677,P00085,2,111.58,223.16
OI004299,O000992,P00017,5,83.95,419.75
OI004300,O000740,P00061,5,179.33,896.65
OI004301,O001471,P00004,2,196.12,392.24
OI004302,O001263,P00012,1,363.71,363.71
OI004303,O000153,P00002,5,202.6,1013.0
OI004304,O000474,P00093,3,257.37,772.11
OI004305,O001047,P00077,4,308.08,1232.32
OI004306,O000985,P00004,1,24.79,24.79
OI004307,O000671,P00081,2,325.24,650.48
OI004308,O000422,P00053,5,219.18,1095.9
OI004309,O001825,P00060,4,275.13,1100.52
OI004310,O000978,P00041,3,412.52,1237.56
OI004311,O001156,P00084,2,436.95,873.9
OI004312,O000608,P00086,4,368.9,1475.6
OI004313,O000382,P00074,3,393.83,1181.49
OI004314,O001456,P00091,3,250.14,750.42
OI004315,O000818,P00053,4,178.87,715.48
OI004316,O000605,P00005,3,245.9,737.7
OI004317,O000565,P00092,5,406.28,2031.4
OI004318,O001583,P00047,2,286.74,573.48
OI004319,O001092,P00043,5,394.4,1972.0
OI004320,O001621,P00012,1,113.76,113.76
OI004321,O000411,P00090,2,285.05,570.1
OI004322,O001551,P00027,2,126.49,252.98
OI004323,O000769,P00081,4,260.68,1042.72
OI004324,O001201,P00015,2,409.85,819.7
OI004325,O001358,P00056,2,444.3,888.6
OI004326,O001765,P00099,4,386.73,1546.92
OI004327,O000554,P00074,3,110.58,331.74
OI004328,O000032,P00010,4,235.05,940.2
OI004329,O001170,P00003,5,345.51,1727.55
OI004330,O001344,P00054,5,196.95,984.75
OI004331,O000355,P00038,5,169.52,847.6
OI004332,O000668,P00075,2,477.92,955.84
OI004333,O001939,P00058,5,35.85,179.25
OI004334,O000972,P00037,4,238.47,953.88
OI004335,O001694,P00049,1,91.82,91.82
OI004336,O000106,P00038,3,364.2,1092.6
OI004337,O000303,P00084,2,117.37,234.74
OI004338,O001498,P00021,4,85.23,340.92
OI004339,O001760,P00009,4,450.39,1801.56
OI004340,O001547,P00079,2,338.56,677.12
OI004341,O001071,P00056,3,178.88,536.64
OI004342,O000708,P00057,1,249.61,249.61
OI004343,O000170,P00082,4,48.81,195.24
OI004344,O000246,P00069,2,365.29,730.58
OI004345,O001318,P00091,5,111.74,558.7
OI004346,O001270,P00086,4,15.66,62.64
OI004347,O000415,P00007,1,217.69,217.69
OI004348,O000946,P00030,4,406.35,1625.4
OI004349,O000160,P00003,3,480.15,1440.45
OI004350,O000136,P00042,4,443.44,1773.76
OI004351,O000526,P00070,4,415.15,1660.6
OI004352,O001933,P00009,1,72.14,72.14
OI004353,O000186,P00078,3,493.37,1480.11
OI004354,O001385,P00007,5,478.23,2391.15
OI004355,O000226,P00041,5,344.88,1724.4
OI004356,O000692,P00021,3,414.14,1242.42
OI004357,O000633,P00099,4,202.38,809.52
OI004358,O000301,P00004,1,76.43,76.43
OI004359,O001082,P00035,4,262.89,1051.56
OI004360,O001736,P00060,2,414.84,829.68
OI004361,O001176,P00042,1,274.06,274.06
OI004362,O000808,P00033,3,101.37,304.11
OI004363,O000595,P00047,3,182.46,547.38
OI004364,O001504,P00006,5,15.22,76.1
OI004365,O001915,P00002,5,489.72,2448.6
OI004366,O001697,P00057,5,441.18,2205.9
OI004367,O000211,P00071,2,181.54,363.08
OI004368,O000648,P00090,5,286.96,1434.8
OI004369,O000301,P00029,4,487.09,1948.36
OI004370,O001097,P00080,3,96.52,289.56
OI004371,O001910,P00082,5,133.25,666.25
OI004372,O001919,P00054,4,284.62,1138.48
OI004373,O000788,P00096,3,248.35,745.05
OI004374,O000470,P00015,2,197.68,395.36
OI004375,O000504,P00008,4,189.27,757.08
OI004376,O000847,P00080,4,144.98,579.92
OI004377,O000857,P00045,4,394.94,1579.76
OI004378,O000659,P00067,3,270.28,810.84
OI004379,O001063,P00010,4,338.72,1354.88
OI004380,O001180,P00025,2,165.17,330.34
OI004381,O001236,P00005,5,100.7,503.5
OI004382,O000401,P00041,2,366.3,732.6
OI004383,O000995,P00065,2,122.25,244.5
OI004384,O000965,P00039,2,24.65,49.3
OI004385,O001177,P00082,5,59.09,295.45
OI004386,O001508,P00010,2,37.25,74.5
OI004387,O000310,P00017,1,448.47,448.47
OI004388,O000984,P00065,5,110.94,554.7
OI004389,O000277,P00093,5,317.0,1585.0
OI004390,O000040,P00037,4,252.1,1008.4
OI004391,O001645,P00088,5,419.2,2096.0
OI004392,O001624,P00064,4,332.46,1329.84
OI004393,O000789,P00035,1,484.67,484.67
OI004394,O001971,P00035,1,366.99,366.99
OI004395,O000679,P00080,2,157.44,314.88
OI004396,O001523,P00050,5,149.58,747.9
OI004397,O001179,P00010,5,282.69,1413.45
OI004398,O001287,P00083,5,283.86,1419.3
OI004399,O000247,P00019,5,103.65,518.25
OI004400,O000364,P00077,4,52.69,210.76
OI004401,O000465,P00013,5,323.83,1619.15
OI004402,O000343,P00069,5,465.15,2325.75
OI004403,O001580,P00063,2,132.32,264.64
OI004404,O001903,P00008,3,207.51,622.53
OI004405,O001632,P00053,5,83.22,416.1
OI004406,O000182,P00063,1,461.02,461.02
OI004407,O000577,P00078,3,85.5,256.5
OI004408,O001627,P00066,1,42.89,42.89
OI004409,O000990,P00066,5,476.45,2382.25
OI004410,O000685,P00072,2,361.32,722.64
OI004411,O001158,P00068,5,476.19,2380.95
OI004412,O000505,P00019,1,375.7,375.7
OI004413,O001675,P00011,5,59.53,297.65
OI004414,O001848,P00060,1,329.61,329.61
OI004415,O000307,P00006,2,160.59,321.18
OI004416,O000499,P00076,1,376.0,376.0
OI004417,O001602,P00043,4,387.31,1549.24
OI004418,O000901,P00081,3,402.19,1206.57
OI004419,O001175,P00089,1,246.02,246.02
OI004420,O000209,P00001,2,165.56,331.12
OI004421,O001508,P00048,5,122.34,611.7
OI004422,O001846,P00031,4,477.83,1911.32
OI004423,O000451,P00074,2,104.68,209.36
OI004424,O000365,P00083,4,370.79,1483.16
OI004425,O001944,P00089,2,140.32,280.64
OI004426,O000848,P00029,1,479.07,479.07
OI004427,O000353,P00029,1,235.42,235.42
OI004428,O001937,P00068,5,85.53,427.65
OI004429,O001509,P00030,3,395.14,1185.42
OI004430,O001789,P00071,5,291.64,1458.2
OI004431,O001917,P00030,2,177.46,354.92
OI004432,O000372,P00048,2,188.0,376.0
OI004433,O001835,P00034,5,369.22,1846.1
OI004434,O000310,P00060,4,474.65,1898.6
OI004435,O001390,P00037,2,27.08,54.16
OI004436,O001152,P00063,3,262.63,787.89
OI004437,O000039,P00006,5,78.01,390.05
OI004438,O000587,P00004,1,349.61,349.61
OI004439,O000270,P00056,4,76.2,304.8
OI004440,O000761,P00023,1,77.16,77.16
OI004441,O001951,P00017,2,374.97,749.94
OI004442,O001649,P00072,2,64.95,129.9
OI004443,O001856,P00042,2,16.41,32.82
OI004444,O000493,P00011,1,66.59,66.59
OI004445,O001452,P00090,2,485.84,971.68
OI004446,O001613,P00048,2,131.41,262.82
OI004447,O001857,P00079,1,288.61,288.61
OI004448,O001949,P00026,5,176.34,881.7
OI004449,O001357,P00061,5,432.74,2163.7
OI004450,O001309,P00014,3,345.56,1036.68
OI004451,O000120,P00061,4,10.34,41.36
OI004452,O001442,P00080,4,55.74,222.96
OI004453,O000871,P00082,3,79.22,237.66
OI004454,O001822,P00055,2,43.35,86.7
OI004455,O001202,P00082,2,319.4,638.8
OI004456,O001214,P00042,4,212.08,848.32
OI004457,O000622,P00021,3,348.79,1046.37
OI004458,O000253,P00053,3,313.45,940.35
OI004459,O001719,P00059,4,103.57,414.28
OI004460,O000190,P00080,1,191.26,191.26
OI004461,O000956,P00032,1,433.61,433.61
OI004462,O001792,P00029,2,174.52,349.04
OI004463,O000283,P00089,2,477.95,955.9
OI004464,O001670,P00048,5,128.34,641.7
OI004465,O001205,P00034,1,36.22,36.22
OI004466,O001621,P00086,1,213.51,213.51
OI004467,O001905,P00042,5,212.77,1063.85
OI004468,O001788,P00017,5,313.5,1567.5
OI004469,O001706,P00089,5,24.51,122.55
OI004470,O000171,P00083,4,91.41,365.64
OI004471,O001946,P00022,4,32.6,130.4
OI004472,O000880,P00057,2,278.68,557.36
OI004473,O001311,P00065,4,23.27,93.08
OI004474,O000851,P00031,5,264.4,1322.0
OI004475,O001071,P00046,4,408.91,1635.64
OI004476,O000887,P00096,3,138.68,416.04
OI004477,O001924,P00097,2,377.23,754.46
OI004478,O000224,P00026,4,276.57,1106.28
OI004479,O000044,P00068,4,183.33,733.32
OI004480,O000841,P00079,3,357.91,1073.73
OI004481,O001404,P00019,1,200.91,200.91
OI004482,O000396,P00053,5,212.9,1064.5
OI004483,O001029,P00014,2,371.0,742.0
OI004484,O000236,P00021,4,394.74,1578.96
OI004485,O001632,P00072,1,459.54,459.54
OI004486,O001943,P00092,5,192.81,964.05
OI004487,O001413,P00012,1,202.08,202.08
OI004488,O000452,P00043,2,432.22,864.44
OI004489,O001112,P00026,2,300.18,600.36
OI004490,O000755,P00034,1,53.45,53.45
OI004491,O000666,P00021,1,187.12,187.12
OI004492,O001382,P00034,1,422.14,422.14
OI004493,O001287,P00064,2,99.68,199.36
OI004494,O001310,P00061,4,469.25,1877.0
OI004495,O000080,P00100,5,370.9,1854.5
OI004496,O001832,P00050,5,176.52,882.6
OI004497,O001469,P00093,2,323.69,647.38
OI004498,O001229,P00047,5,165.43,827.15
OI004499,O001634,P00073,5,300.59,1502.95
OI004500,O001743,P00016,5,299.66,1498.3
OI004501,O000386,P00021,1,270.6,270.6
OI004502,O001953,P00027,5,258.71,1293.55
OI004503,O000734,P00096,3,355.95,1067.85
OI004504,O000642,P00074,2,449.49,898.98
OI004505,O001263,P00093,4,303.47,1213.88
OI004506,O000181,P00058,5,223.25,1116.25
OI004507,O001340,P00007,5,409.78,2048.9
OI004508,O001805,P00060,5,200.77,1003.85
OI004509,O000364,P00041,4,354.62,1418.48
OI004510,O000958,P00068,5,286.99,1434.95
OI004511,O000072,P00078,5,231.76,1158.8
OI004512,O000163,P00006,3,144.48,433.44
OI004513,O001877,P00043,2,341.31,682.62
OI004514,O000762,P00038,2,135.74,271.48
OI004515,O001184,P00033,1,422.43,422.43
OI004516,O000500,P00041,3,451.47,1354.41
OI004517,O001003,P00079,3,456.84,1370.52
OI004518,O001650,P00001,3,193.23,579.69
OI004519,O000757,P00089,3,83.36,250.08
OI004520,O000966,P00023,3,318.32,954.96
OI004521,O001268,P00021,4,125.4,501.6
OI004522,O001175,P00011,1,284.22,284.22
OI004523,O001653,P00064,5,311.83,1559.15
OI004524,O000924,P00042,4,184.99,739.96
OI004525,O000683,P00061,4,301.34,1205.36
OI004526,O000340,P00097,4,181.11,724.44
OI004527,O000672,P00016,1,405.05,405.05
OI004528,O000641,P00012,4,98.96,395.84
OI004529,O000741,P00029,1,319.85,319.85
OI004530,O001618,P00004,4,225.06,900.24
OI004531,O000214,P00072,3,216.64,649.92
OI004532,O000819,P00027,1,307.6,307.6
OI004533,O001983,P00005,3,258.52,775.56
OI004534,O000191,P00049,3,40.04,120.12
OI004535,O000604,P00076,3,256.2,768.6
OI004536,O001522,P00019,3,452.68,1358.04
OI004537,O000279,P00048,5,471.63,2358.15
OI004538,O000993,P00030,3,344.39,1033.17
OI004539,O001472,P00057,3,348.36,1045.08
OI004540,O000038,P00076,4,166.09,664.36
OI004541,O000837,P00077,1,48.1,48.1
OI004542,O000688,P00010,5,349.3,1746.5
OI004543,O001042,P00075,5,35.68,178.4
OI004544,O000964,P00071,3,374.04,1122.12
OI004545,O001772,P00011,2,397.74,795.48
OI004546,O001927,P00036,4,290.72,1162.88
OI004547,O001058,P00032,3,492.93,1478.79
OI004548,O000945,P00098,5,345.06,1725.3
OI004549,O000812,P00092,3,307.94,923.82
OI004550,O000279,P00019,4,401.94,1607.76
OI004551,O000167,P00081,4,54.85,219.4
OI004552,O000092,P00077,2,237.53,475.06
OI004553,O000835,P00003,1,489.7,489.7
OI004554,O000155,P00051,1,320.29,320.29
OI004555,O000258,P00047,5,297.52,1487.6
OI004556,O001649,P00018,5,53.05,265.25
OI004557,O001290,P00035,2,469.86,939.72
OI004558,O000780,P00021,5,321.28,1606.4
OI004559,O000080,P00056,5,174.91,874.55
OI004560,O000056,P00083,1,379.69,379.69
OI004561,O001331,P00025,2,404.22,808.44
OI004562,O001371,P00028,1,271.15,271.15
OI004563,O000687,P00088,3,407.48,1222.44
OI004564,O000785,P00076,4,116.64,466.56
OI004565,O000649,P00009,3,44.0,132.0
OI004566,O000603,P00049,1,307.98,307.98
OI004567,O000408,P00029,1,240.44,240.44
OI004568,O000550,P00068,3,481.67,1445.01
OI004569,O000262,P00064,1,308.74,308.74
OI004570,O001119,P00038,5,132.31,661.55
OI004571,O000416,P00060,4,309.41,1237.64
OI004572,O000856,P00042,5,90.44,452.2
OI004573,O001810,P00065,4,52.92,211.68
OI004574,O001798,P00005,3,103.62,310.86
OI004575,O000343,P00072,2,115.87,231.74
OI004576,O001231,P00060,4,414.82,1659.28
OI004577,O001145,P00019,5,15.89,79.45
OI004578,O001485,P00053,5,215.19,1075.95
OI004579,O001310,P00023,5,124.61,623.05
OI004580,O001533,P00079,2,127.91,255.82
OI004581,O001659,P00051,5,288.83,1444.15
OI004582,O000292,P00067,1,458.39,458.39
OI004583,O001211,P00052,5,81.05,405.25
OI004584,O001406,P00046,2,451.13,902.26
OI004585,O001719,P00046,4,120.13,480.52
OI004586,O001546,P00047,4,336.99,1347.96
OI004587,O000212,P00037,4,190.77,763.08
OI004588,O001079,P00091,3,367.09,1101.27
OI004589,O001652,P00051,3,119.44,358.32
OI004590,O000767,P00063,4,442.46,1769.84
OI004591,O000623,P00037,1,279.6,279.6
OI004592,O001351,P00027,3,430.72,1292.16
OI004593,O001136,P00013,2,204.18,408.36
OI004594,O001487,P00071,5,380.62,1903.1
OI004595,O001053,P00012,5,255.82,1279.1
OI004596,O000413,P00090,2,476.33,952.66
OI004597,O001012,P00098,2,332.41,664.82
OI004598,O000392,P00022,2,325.05,650.1
OI004599,O000396,P00076,4,351.59,1406.36
OI004600,O001177,P00047,5,292.22,1461.1
OI004601,O001355,P00025,4,136.59,546.36
OI004602,O000806,P00010,2,274.48,548.96
OI004603,O000105,P00039,1,423.77,423.77
OI004604,O001470,P00025,4,231.73,926.92
OI004605,O001277,P00014,2,496.57,993.14
OI004606,O001449,P00068,3,72.81,218.43
OI004607,O000400,P00083,5,110.72,553.6
OI004608,O000657,P00084,4,389.1,1556.4
OI004609,O001257,P00089,5,223.71,1118.55
OI004610,O000110,P00048,2,66.98,133.96
OI004611,O000711,P00069,3,55.29,165.87
OI004612,O000049,P00008,2,359.31,718.62
OI004613,O001392,P00026,2,392.5,785.0
OI004614,O001545,P00070,1,347.45,347.45
OI004615,O000130,P00049,4,75.43,301.72
OI004616,O001321,P00005,4,101.01,404.04
OI004617,O001094,P00084,4,301.94,1207.76
OI004618,O001234,P00018,2,104.15,208.3
OI004619,O001655,P00003,4,283.87,1135.48
OI004620,O001543,P00025,4,87.08,348.32
OI004621,O001242,P00098,3,323.29,969.87
OI004622,O000312,P00081,1,158.01,158.01
OI004623,O000834,P00085,2,244.2,488.4
OI004624,O001372,P00069,1,369.5,369.5
OI004625,O001434,P00034,3,126.85,380.55
OI004626,O000477,P00002,4,56.62,226.48
OI004627,O001118,P00085,3,207.75,623.25
OI004628,O001801,P00061,1,20.64,20.64
OI004629,O000417,P00006,5,169.67,848.35
OI004630,O000792,P00011,2,484.75,969.5
OI004631,O001506,P00090,4,366.57,1466.28
OI004632,O001222,P00047,5,36.1,180.5
OI004633,O001504,P00099,2,328.7,657.4
OI004634,O000312,P00069,4,136.95,547.8
OI004635,O001369,P00024,2,224.3,448.6
OI004636,O001470,P00090,2,499.59,999.18
OI004637,O001879,P00051,4,361.92,1447.68
OI004638,O001131,P00053,1,494.66,494.66
OI004639,O001977,P00040,4,235.45,941.8
OI004640,O000354,P00082,5,273.1,1365.5
OI004641,O000617,P00051,3,365.79,1097.37
OI004642,O000091,P00051,3,263.65,790.95
OI004643,O000793,P00062,1,59.8,59.8
OI004644,O001882,P00009,2,222.97,445.94
OI004645,O000180,P00069,3,36.11,108.33
OI004646,O000282,P00071,3,52.23,156.69
OI004647,O001082,P00024,5,144.14,720.7
OI004648,O001415,P00017,5,431.31,2156.55
OI004649,O000699,P00007,5,337.4,1687.0
OI004650,O001490,P00045,1,399.54,399.54
OI004651,O000952,P00034,4,285.12,1140.48
OI004652,O000892,P00081,2,142.03,284.06
OI004653,O000125,P00099,3,157.5,472.5
OI004654,O001833,P00077,5,138.73,693.65
OI004655,O000618,P00095,1,222.52,222.52
OI004656,O000382,P00080,2,189.84,379.68
OI004657,O001022,P00011,2,451.66,903.32
OI004658,O000286,P00051,5,350.23,1751.15
OI004659,O001871,P00014,2,124.27,248.54
OI004660,O001258,P00016,3,29.08,87.24
OI004661,O001207,P00055,1,15.51,15.51
OI004662,O000327,P00078,5,240.0,1200.0
OI004663,O000951,P00061,3,366.88,1100.64
OI004664,O000570,P00022,3,457.16,1371.48
OI004665,O001928,P00099,2,219.4,438.8
OI004666,O000433,P00042,5,340.81,1704.05
OI004667,O000678,P00036,4,82.06,328.24
OI004668,O001406,P00038,1,15.85,15.85
OI004669,O000011,P00017,1,366.2,366.2
OI004670,O000449,P00091,2,217.02,434.04
OI004671,O001208,P00040,5,293.75,1468.75
OI004672,O000042,P00066,5,112.21,561.05
OI004673,O000747,P00066,4,491.03,1964.12
OI004674,O000142,P00067,2,214.63,429.26
OI004675,O001601,P00037,4,463.63,1854.52
OI004676,O001557,P00069,1,96.55,96.55
OI004677,O001436,P00051,1,411.34,411.34
OI004678,O001350,P00078,3,84.65,253.95
OI004679,O001480,P00017,4,190.13,760.52
OI004680,O000669,P00025,3,14.12,42.36
OI004681,O000705,P00034,1,490.2,490.2
OI004682,O001199,P00002,2,352.96,705.92
OI004683,O000589,P00085,3,201.08,603.24
OI004684,O000155,P00012,1,452.42,452.42
OI004685,O001435,P00003,5,405.3,2026.5
OI004686,O000252,P00029,1,84.46,84.46
OI004687,O001057,P00013,3,325.6,976.8
OI004688,O000993,P00012,5,379.94,1899.7
OI004689,O001496,P00073,1,498.42,498.42
OI004690,O001195,P00061,4,36.96,147.84
OI004691,O001273,P00100,3,148.45,445.35
OI004692,O000095,P00041,2,234.7,469.4
OI004693,O000921,P00005,5,315.61,1578.05
OI004694,O001174,P00066,5,364.72,1823.6
OI004695,O000646,P00026,5,177.23,886.15
OI004696,O001260,P00072,5,284.98,1424.9
OI004697,O001779,P00052,1,307.37,307.37
OI004698,O000472,P00042,3,398.77,1196.31
OI004699,O001648,P00095,5,324.31,1621.55
OI004700,O000414,P00095,4,429.62,1718.48
OI004701,O001550,P00051,2,73.54,147.08
OI004702,O001180,P00033,1,296.51,296.51
OI004703,O001983,P00089,4,243.82,975.28
OI004704,O001960,P00058,1,449.36,449.36
OI004705,O001057,P00020,5,346.02,1730.1
OI004706,O001605,P00055,2,319.69,639.38
OI004707,O000900,P00053,3,330.98,992.94
OI004708,O000787,P00094,4,281.91,1127.64
OI004709,O000775,P00099,3,379.95,1139.85
OI004710,O001756,P00040,4,478.42,1913.68
OI004711,O000114,P00029,3,343.97,1031.91
OI004712,O000100,P00019,1,166.99,166.99
OI004713,O001495,P00075,3,219.13,657.39
OI004714,O000771,P00026,4,418.32,1673.28
OI004715,O001647,P00045,3,175.11,525.33
OI004716,O001723,P00049,5,90.7,453.5
OI004717,O000940,P00037,5,373.46,1867.3
OI004718,O001328,P00094,5,459.84,2299.2
OI004719,O000919,P00047,3,438.56,1315.68
OI004720,O001232,P00060,1,39.96,39.96
OI004721,O000346,P00015,3,86.16,258.48
OI004722,O000683,P00030,1,62.49,62.49
OI004723,O001611,P00040,1,301.52,301.52
OI004724,O001047,P00015,5,207.04,1035.2
OI004725,O000302,P00058,2,106.32,212.64
OI004726,O001928,P00023,1,440.66,440.66
OI004727,O000994,P00069,3,250.28,750.84
OI004728,O001880,P00037,4,205.5,822.0
OI004729,O001095,P00015,1,201.95,201.95
OI004730,O001141,P00028,4,79.2,316.8
OI004731,O001358,P00046,3,434.0,1302.0
OI004732,O000746,P00068,3,264.24,792.72
OI004733,O000142,P00059,4,155.15,620.6
OI004734,O001756,P00082,5,473.54,2367.7
OI004735,O000187,P00006,3,325.65,976.95
OI004736,O001035,P00005,4,336.22,1344.88
OI004737,O001943,P00046,4,421.75,1687.0
OI004738,O001740,P00053,2,239.8,479.6
OI004739,O001399,P00049,1,14.48,14.48
OI004740,O000167,P00035,4,197.78,791.12
OI004741,O001526,P00011,3,497.04,1491.12
OI004742,O000801,P00004,4,409.12,1636.48
OI004743,O000252,P00076,5,266.01,1330.05
OI004744,O000173,P00015,1,166.65,166.65
OI004745,O000850,P00057,3,10.21,30.63
OI004746,O000451,P00028,5,139.5,697.5
OI004747,O000853,P00076,2,339.48,678.96
OI004748,O000982,P00064,1,281.66,281.66
OI004749,O000785,P00068,3,362.99,1088.97
OI004750,O001877,P00036,2,466.76,933.52
OI004751,O001346,P00089,2,400.56,801.12
OI004752,O001128,P00028,2,103.15,206.3
OI004753,O000003,P00052,1,499.09,499.09
OI004754,O000595,P00046,1,158.14,158.14
OI004755,O000748,P00016,2,309.63,619.26
OI004756,O001661,P00091,2,270.92,541.84
OI004757,O001246,P00064,3,477.99,1433.97
OI004758,O000268,P00032,4,22.0,88.0
OI004759,O001371,P00071,2,135.53,271.06
OI004760,O001152,P00076,5,461.92,2309.6
OI004761,O000909,P00067,4,132.08,528.32
OI004762,O000166,P00016,3,355.05,1065.15
OI004763,O001186,P00016,3,251.32,753.96
OI004764,O000217,P00023,3,277.5,832.5
OI004765,O000486,P00030,1,245.56,245.56
OI004766,O001119,P00010,4,450.36,1801.44
OI004767,O000038,P00077,4,235.48,941.92
OI004768,O000601,P00044,1,398.72,398.72
OI004769,O001267,P00035,1,350.79,350.79
OI004770,O001057,P00069,4,422.86,1691.44
OI004771,O001839,P00044,3,290.67,872.01
OI004772,O000038,P00044,1,314.53,314.53
OI004773,O000634,P00051,4,344.43,1377.72
OI004774,O001450,P00099,4,177.76,711.04
OI004775,O000447,P00036,2,282.35,564.7
OI004776,O000339,P00005,3,270.74,812.22
OI004777,O000608,P00063,1,258.95,258.95
OI004778,O000334,P00035,4,270.3,1081.2
OI004779,O001644,P00011,5,476.88,2384.4
OI004780,O000412,P00035,4,321.67,1286.68
OI004781,O001682,P00029,4,484.92,1939.68
OI004782,O001810,P00094,1,410.02,410.02
OI004783,O000596,P00046,1,53.55,53.55
OI004784,O001630,P00048,1,205.08,205.08
OI004785,O000963,P00046,5,199.23,996.15
OI004786,O000791,P00065,4,238.46,953.84
OI004787,O000039,P00024,5,240.75,1203.75
OI004788,O001516,P00090,3,150.81,452.43
OI004789,O000349,P00024,4,64.76,259.04
OI004790,O000920,P00004,5,162.84,814.2
OI004791,O000251,P00045,1,110.06,110.06
OI004792,O001203,P00044,3,369.59,1108.77
OI004793,O001470,P00085,3,196.3,588.9
OI004794,O001902,P00074,2,206.88,413.76
OI004795,O001093,P00070,1,296.45,296.45
OI004796,O000309,P00023,3,270.78,812.34
OI004797,O000423,P00043,4,338.52,1354.08
OI004798,O000691,P00054,2,104.52,209.04
OI004799,O000367,P00005,3,357.15,1071.45
OI004800,O001887,P00096,5,449.37,2246.85
OI004801,O001982,P00002,2,280.55,561.1
OI004802,O000888,P00015,5,386.13,1930.65
OI004803,O000787,P00089,3,288.71,866.13
OI004804,O000248,P00009,3,144.35,433.05
OI004805,O001505,P00046,4,371.63,1486.52
OI004806,O001534,P00006,1,335.83,335.83
OI004807,O000649,P00031,2,208.12,416.24
OI004808,O000649,P00082,2,80.65,161.3
OI004809,O001269,P00003,3,326.14,978.42
OI004810,O001455,P00026,4,80.21,320.84
OI004811,O001742,P00031,4,356.91,1427.64
OI004812,O001495,P00042,5,354.42,1772.1
OI004813,O000601,P00090,2,235.62,471.24
OI004814,O001580,P00099,1,462.73,462.73
OI004815,O000347,P00006,5,471.6,2358.0
OI004816,O000891,P00092,3,284.16,852.48
OI004817,O001861,P00098,3,138.66,415.98
OI004818,O000993,P00083,5,398.79,1993.95
OI004819,O002000,P00022,5,417.28,2086.4
OI004820,O001129,P00092,3,416.46,1249.38
OI004821,O001811,P00084,5,48.4,242.0
OI004822,O001692,P00100,5,91.47,457.35
OI004823,O000946,P00072,4,234.64,938.56
OI004824,O000192,P00042,1,207.7,207.7
OI004825,O001431,P00090,5,350.52,1752.6
OI004826,O000993,P00060,2,245.18,490.36
OI004827,O001861,P00044,4,13.18,52.72
OI004828,O000305,P00054,4,222.94,891.76
OI004829,O001967,P00002,1,225.46,225.46
OI004830,O001337,P00080,2,140.0,280.0
OI004831,O001258,P00005,2,442.85,885.7
OI004832,O000854,P00066,3,385.73,1157.19
OI004833,O001511,P00046,5,58.39,291.95
OI004834,O000711,P00059,1,21.55,21.55
OI004835,O001578,P00039,4,482.81,1931.24
OI004836,O001588,P00040,3,281.49,844.47
OI004837,O001189,P00075,1,244.21,244.21
OI004838,O001240,P00066,2,456.91,913.82
OI004839,O000493,P00030,4,330.48,1321.92
OI004840,O001373,P00099,5,121.45,607.25
OI004841,O001200,P00014,5,121.66,608.3
OI004842,O001709,P00055,5,493.45,2467.25
OI004843,O000429,P00030,5,103.05,515.25
OI004844,O001898,P00075,5,324.05,1620.25
OI004845,O000347,P00100,1,287.95,287.95
OI004846,O000566,P00002,3,100.21,300.63
OI004847,O000893,P00010,2,481.8,963.6
OI004848,O000024,P00033,1,41.57,41.57
OI004849,O000163,P00086,3,423.8,1271.4
OI004850,O001261,P00088,5,223.07,1115.35
OI004851,O000008,P00090,3,267.67,803.01
OI004852,O001910,P00099,4,403.35,1613.4
OI004853,O001121,P00027,3,231.35,694.05
OI004854,O000880,P00050,5,466.38,2331.9
OI004855,O000721,P00088,1,251.61,251.61
OI004856,O000010,P00051,1,84.36,84.36
OI004857,O000787,P00096,2,51.9,103.8
OI004858,O000186,P00068,5,206.05,1030.25
OI004859,O000815,P00087,4,168.55,674.2
OI004860,O001785,P00038,1,489.41,489.41
OI004861,O000636,P00025,5,383.63,1918.15
OI004862,O001228,P00071,5,135.21,676.05
OI004863,O000695,P00062,5,141.29,706.45
OI004864,O000019,P00060,4,273.77,1095.08
OI004865,O000403,P00051,2,249.14,498.28
OI004866,O000413,P00054,2,337.07,674.14
OI004867,O001657,P00022,2,253.08,506.16
OI004868,O001142,P00073,4,449.58,1798.32
OI004869,O001568,P00002,5,16.45,82.25
OI004870,O000354,P00066,3,218.54,655.62
OI004871,O000206,P00055,4,426.27,1705.08
OI004872,O001948,P00054,5,99.79,498.95
OI004873,O000709,P00070,4,456.19,1824.76
OI004874,O000037,P00017,5,394.6,1973.0
OI004875,O001670,P00043,1,45.46,45.46
OI004876,O001195,P00034,3,259.54,778.62
OI004877,O001926,P00034,2,297.98,595.96
OI004878,O001379,P00023,1,478.71,478.71
OI004879,O000587,P00047,1,317.66,317.66
OI004880,O000305,P00052,2,341.56,683.12
OI004881,O000980,P00094,5,83.03,415.15
OI004882,O001638,P00051,5,264.56,1322.8
OI004883,O001818,P00072,3,377.3,1131.9
OI004884,O000987,P00086,1,286.07,286.07
OI004885,O001956,P00028,3,451.38,1354.14
OI004886,O001011,P00019,3,275.31,825.93
OI004887,O000171,P00031,1,485.8,485.8
OI004888,O001758,P00002,4,100.85,403.4
OI004889,O001576,P00100,5,113.59,567.95
OI004890,O001915,P00069,2,190.4,380.8
OI004891,O001990,P00022,3,252.59,757.77
OI004892,O000376,P00092,5,99.64,498.2
OI004893,O001529,P00021,5,356.53,1782.65
OI004894,O001882,P00065,2,142.75,285.5
OI004895,O001001,P00030,4,133.75,535.0
OI004896,O000419,P00017,4,445.83,1783.32
OI004897,O001543,P00075,2,72.49,144.98
OI004898,O001183,P00099,5,485.56,2427.8
OI004899,O001381,P00084,5,77.89,389.45
OI004900,O000247,P00094,3,258.46,775.38
OI004901,O001807,P00098,2,266.36,532.72
OI004902,O001099,P00071,5,490.2,2451.0
OI004903,O001923,P00057,1,209.64,209.64
OI004904,O001737,P00073,4,415.98,1663.92
OI004905,O000179,P00091,4,496.41,1985.64
OI004906,O000729,P00097,2,272.01,544.02
OI004907,O001672,P00003,4,168.13,672.52
OI004908,O001767,P00097,1,52.12,52.12
OI004909,O000407,P00022,1,48.09,48.09
OI004910,O000817,P00096,4,351.48,1405.92
OI004911,O000738,P00057,3,385.64,1156.92
OI004912,O001314,P00032,2,279.99,559.98
OI004913,O001072,P00069,4,12.04,48.16
OI004914,O001601,P00026,2,390.18,780.36
OI004915,O000460,P00068,5,204.39,1021.95
OI004916,O001391,P00080,4,412.9,1651.6
OI004917,O001439,P00020,4,496.28,1985.12
OI004918,O000242,P00086,1,315.73,315.73
OI004919,O000811,P00016,1,417.57,417.57
OI004920,O000914,P00100,1,122.41,122.41
OI004921,O000484,P00014,2,90.8,181.6
OI004922,O000461,P00028,1,412.82,412.82
OI004923,O001715,P00002,5,387.0,1935.0
OI004924,O000122,P00010,3,146.39,439.17
OI004925,O001223,P00057,2,199.63,399.26
OI004926,O000157,P00030,4,319.67,1278.68
OI004927,O001313,P00031,3,12.06,36.18
OI004928,O001043,P00080,2,77.03,154.06
OI004929,O001546,P00093,5,110.01,550.05
OI004930,O001430,P00027,3,272.98,818.94
OI004931,O001558,P00060,5,31.22,156.1
OI004932,O001932,P00069,5,381.74,1908.7
OI004933,O001178,P00097,4,159.7,638.8
OI004934,O000769,P00063,3,60.51,181.53
OI004935,O000609,P00066,5,49.1,245.5
OI004936,O001671,P00010,5,455.33,2276.65
OI004937,O000389,P00096,5,156.8,784.0
OI004938,O000929,P00093,4,324.47,1297.88
OI004939,O001497,P00060,3,27.36,82.08
OI004940,O000364,P00021,5,306.18,1530.9
OI004941,O001230,P00097,2,86.74,173.48
OI004942,O000882,P00010,5,295.38,1476.9
OI004943,O000627,P00065,1,408.4,408.4
OI004944,O000757,P00055,4,216.17,864.68
OI004945,O001030,P00005,1,185.45,185.45
OI004946,O001120,P00079,3,22.3,66.9
OI004947,O001178,P00003,1,404.72,404.72
OI004948,O000401,P00083,4,165.99,663.96
OI004949,O000342,P00088,3,130.95,392.85
OI004950,O001297,P00008,2,339.3,678.6
OI004951,O001284,P00086,1,481.35,481.35
OI004952,O001149,P00036,4,482.11,1928.44
OI004953,O001892,P00081,1,113.73,113.73
OI004954,O000584,P00041,3,53.24,159.72
OI004955,O000166,P00065,1,56.65,56.65
OI004956,O001388,P00029,3,170.89,512.67
OI004957,O000584,P00096,3,109.47,328.41
OI004958,O000436,P00001,4,467.94,1871.76
OI004959,O000259,P00009,4,384.05,1536.2
OI004960,O001552,P00061,3,59.88,179.64
OI004961,O000017,P00090,2,461.44,922.88
OI004962,O000484,P00062,3,112.07,336.21
OI004963,O000055,P00030,3,142.16,426.48
OI004964,O001357,P00048,2,78.62,157.24
OI004965,O000443,P00057,5,396.96,1984.8
OI004966,O000507,P00083,1,398.56,398.56
OI004967,O001644,P00089,1,53.46,53.46
OI004968,O000678,P00079,3,19.09,57.27
OI004969,O000729,P00062,3,494.11,1482.33
OI004970,O000905,P00049,2,467.68,935.36
OI004971,O000008,P00069,1,447.41,447.41
OI004972,O000983,P00020,3,182.37,547.11
OI004973,O000050,P00072,2,454.97,909.94
OI004974,O000891,P00040,1,131.22,131.22
OI004975,O001013,P00009,2,228.74,457.48
OI004976,O000820,P00063,1,385.95,385.95
OI004977,O000150,P00042,3,38.22,114.66
OI004978,O001786,P00041,5,117.84,589.2
OI004979,O000278,P00096,2,264.08,528.16
OI004980,O001022,P00018,4,20.85,83.4
OI004981,O001119,P00047,5,35.35,176.75
OI004982,O001670,P00011,4,108.01,432.04
OI004983,O001779,P00082,3,425.92,1277.76
OI004984,O000811,P00013,5,476.66,2383.3
OI004985,O000197,P00006,5,266.71,1333.55
OI004986,O001044,P00054,4,369.99,1479.96
OI004987,O001154,P00083,1,378.27,378.27
OI004988,O001637,P00052,2,342.81,685.62
OI004989,O000602,P00078,3,46.74,140.22
OI004990,O000992,P00069,4,366.55,1466.2
OI004991,O001822,P00022,4,20.29,81.16
OI004992,O001101,P00035,1,26.32,26.32
OI004993,O000060,P00058,1,146.67,146.67
OI004994,O001628,P00075,2,166.95,333.9
OI004995,O001066,P00099,3,238.15,714.45
OI004996,O001635,P00062,2,185.13,370.26
OI004997,O000338,P00067,5,176.42,882.1
OI004998,O001691,P00058,1,30.44,30.44
OI004999,O001012,P00060,5,268.0,1340.0
OI005000,O001295,P00008,5,156.94,784.7
